C:\Users\TTUSVM\Documents\TCGA2\240503_TCGA_CPTAC-3_Output\240503_TCGA_CPTAC-3_DEA\240503_TCGA_CPTAC-3_DEA_Input/240503_TCGA_CPTAC-3_CSAG1_MEDvsHIG_DES.csv,C:\Users\TTUSVM\Documents\TCGA2\240503_TCGA_CPTAC-3_Output\240503_TCGA_CPTAC-3_DEA\240503_TCGA_CPTAC-3_DEA_Input/240503_TCGA_CPTAC-3_CSAG1_MEDvsHIG_RAW.csv,C:\Users\TTUSVM\Documents\TCGA2\240503_TCGA_CPTAC-3_Output\240503_TCGA_CPTAC-3_DEA\240503_TCGA_CPTAC-3_DEA_Output/240503_TCGA_CPTAC-3_CSAG1_MEDvsHIG
C:\Users\TTUSVM\Documents\TCGA2\240503_TCGA_CPTAC-3_Output\240503_TCGA_CPTAC-3_DEA\240503_TCGA_CPTAC-3_DEA_Input/240503_TCGA_CPTAC-3_CSAG1_NEGvsHIG_DES.csv,C:\Users\TTUSVM\Documents\TCGA2\240503_TCGA_CPTAC-3_Output\240503_TCGA_CPTAC-3_DEA\240503_TCGA_CPTAC-3_DEA_Input/240503_TCGA_CPTAC-3_CSAG1_NEGvsHIG_RAW.csv,C:\Users\TTUSVM\Documents\TCGA2\240503_TCGA_CPTAC-3_Output\240503_TCGA_CPTAC-3_DEA\240503_TCGA_CPTAC-3_DEA_Output/240503_TCGA_CPTAC-3_CSAG1_NEGvsHIG
C:\Users\TTUSVM\Documents\TCGA2\240503_TCGA_CPTAC-3_Output\240503_TCGA_CPTAC-3_DEA\240503_TCGA_CPTAC-3_DEA_Input/240503_TCGA_CPTAC-3_CSAG1_NEGvsMED_DES.csv,C:\Users\TTUSVM\Documents\TCGA2\240503_TCGA_CPTAC-3_Output\240503_TCGA_CPTAC-3_DEA\240503_TCGA_CPTAC-3_DEA_Input/240503_TCGA_CPTAC-3_CSAG1_NEGvsMED_RAW.csv,C:\Users\TTUSVM\Documents\TCGA2\240503_TCGA_CPTAC-3_Output\240503_TCGA_CPTAC-3_DEA\240503_TCGA_CPTAC-3_DEA_Output/240503_TCGA_CPTAC-3_CSAG1_NEGvsMED
C:\Users\TTUSVM\Documents\TCGA2\240503_TCGA_CPTAC-3_Output\240503_TCGA_CPTAC-3_DEA\240503_TCGA_CPTAC-3_DEA_Input/240503_TCGA_CPTAC-3_CSAG2_MEDvsHIG_DES.csv,C:\Users\TTUSVM\Documents\TCGA2\240503_TCGA_CPTAC-3_Output\240503_TCGA_CPTAC-3_DEA\240503_TCGA_CPTAC-3_DEA_Input/240503_TCGA_CPTAC-3_CSAG2_MEDvsHIG_RAW.csv,C:\Users\TTUSVM\Documents\TCGA2\240503_TCGA_CPTAC-3_Output\240503_TCGA_CPTAC-3_DEA\240503_TCGA_CPTAC-3_DEA_Output/240503_TCGA_CPTAC-3_CSAG2_MEDvsHIG
C:\Users\TTUSVM\Documents\TCGA2\240503_TCGA_CPTAC-3_Output\240503_TCGA_CPTAC-3_DEA\240503_TCGA_CPTAC-3_DEA_Input/240503_TCGA_CPTAC-3_CSAG2_NEGvsHIG_DES.csv,C:\Users\TTUSVM\Documents\TCGA2\240503_TCGA_CPTAC-3_Output\240503_TCGA_CPTAC-3_DEA\240503_TCGA_CPTAC-3_DEA_Input/240503_TCGA_CPTAC-3_CSAG2_NEGvsHIG_RAW.csv,C:\Users\TTUSVM\Documents\TCGA2\240503_TCGA_CPTAC-3_Output\240503_TCGA_CPTAC-3_DEA\240503_TCGA_CPTAC-3_DEA_Output/240503_TCGA_CPTAC-3_CSAG2_NEGvsHIG
C:\Users\TTUSVM\Documents\TCGA2\240503_TCGA_CPTAC-3_Output\240503_TCGA_CPTAC-3_DEA\240503_TCGA_CPTAC-3_DEA_Input/240503_TCGA_CPTAC-3_CSAG2_NEGvsMED_DES.csv,C:\Users\TTUSVM\Documents\TCGA2\240503_TCGA_CPTAC-3_Output\240503_TCGA_CPTAC-3_DEA\240503_TCGA_CPTAC-3_DEA_Input/240503_TCGA_CPTAC-3_CSAG2_NEGvsMED_RAW.csv,C:\Users\TTUSVM\Documents\TCGA2\240503_TCGA_CPTAC-3_Output\240503_TCGA_CPTAC-3_DEA\240503_TCGA_CPTAC-3_DEA_Output/240503_TCGA_CPTAC-3_CSAG2_NEGvsMED
C:\Users\TTUSVM\Documents\TCGA2\240503_TCGA_CPTAC-3_Output\240503_TCGA_CPTAC-3_DEA\240503_TCGA_CPTAC-3_DEA_Input/240503_TCGA_CPTAC-3_CSAG3_MEDvsHIG_DES.csv,C:\Users\TTUSVM\Documents\TCGA2\240503_TCGA_CPTAC-3_Output\240503_TCGA_CPTAC-3_DEA\240503_TCGA_CPTAC-3_DEA_Input/240503_TCGA_CPTAC-3_CSAG3_MEDvsHIG_RAW.csv,C:\Users\TTUSVM\Documents\TCGA2\240503_TCGA_CPTAC-3_Output\240503_TCGA_CPTAC-3_DEA\240503_TCGA_CPTAC-3_DEA_Output/240503_TCGA_CPTAC-3_CSAG3_MEDvsHIG
C:\Users\TTUSVM\Documents\TCGA2\240503_TCGA_CPTAC-3_Output\240503_TCGA_CPTAC-3_DEA\240503_TCGA_CPTAC-3_DEA_Input/240503_TCGA_CPTAC-3_CSAG3_NEGvsHIG_DES.csv,C:\Users\TTUSVM\Documents\TCGA2\240503_TCGA_CPTAC-3_Output\240503_TCGA_CPTAC-3_DEA\240503_TCGA_CPTAC-3_DEA_Input/240503_TCGA_CPTAC-3_CSAG3_NEGvsHIG_RAW.csv,C:\Users\TTUSVM\Documents\TCGA2\240503_TCGA_CPTAC-3_Output\240503_TCGA_CPTAC-3_DEA\240503_TCGA_CPTAC-3_DEA_Output/240503_TCGA_CPTAC-3_CSAG3_NEGvsHIG
C:\Users\TTUSVM\Documents\TCGA2\240503_TCGA_CPTAC-3_Output\240503_TCGA_CPTAC-3_DEA\240503_TCGA_CPTAC-3_DEA_Input/240503_TCGA_CPTAC-3_CSAG3_NEGvsMED_DES.csv,C:\Users\TTUSVM\Documents\TCGA2\240503_TCGA_CPTAC-3_Output\240503_TCGA_CPTAC-3_DEA\240503_TCGA_CPTAC-3_DEA_Input/240503_TCGA_CPTAC-3_CSAG3_NEGvsMED_RAW.csv,C:\Users\TTUSVM\Documents\TCGA2\240503_TCGA_CPTAC-3_Output\240503_TCGA_CPTAC-3_DEA\240503_TCGA_CPTAC-3_DEA_Output/240503_TCGA_CPTAC-3_CSAG3_NEGvsMED
C:\Users\TTUSVM\Documents\TCGA2\240503_TCGA_CPTAC-3_Output\240503_TCGA_CPTAC-3_DEA\240503_TCGA_CPTAC-3_DEA_Input/240503_TCGA_CPTAC-3_CSAG4_NEGvsPOS_DES.csv,C:\Users\TTUSVM\Documents\TCGA2\240503_TCGA_CPTAC-3_Output\240503_TCGA_CPTAC-3_DEA\240503_TCGA_CPTAC-3_DEA_Input/240503_TCGA_CPTAC-3_CSAG4_NEGvsPOS_RAW.csv,C:\Users\TTUSVM\Documents\TCGA2\240503_TCGA_CPTAC-3_Output\240503_TCGA_CPTAC-3_DEA\240503_TCGA_CPTAC-3_DEA_Output/240503_TCGA_CPTAC-3_CSAG4_NEGvsPOS
C:\Users\TTUSVM\Documents\TCGA2\240503_TCGA_CPTAC-3_Output\240503_TCGA_CPTAC-3_DEA\240503_TCGA_CPTAC-3_DEA_Input/240503_TCGA_CPTAC-3_MAGEA10_MEDvsHIG_DES.csv,C:\Users\TTUSVM\Documents\TCGA2\240503_TCGA_CPTAC-3_Output\240503_TCGA_CPTAC-3_DEA\240503_TCGA_CPTAC-3_DEA_Input/240503_TCGA_CPTAC-3_MAGEA10_MEDvsHIG_RAW.csv,C:\Users\TTUSVM\Documents\TCGA2\240503_TCGA_CPTAC-3_Output\240503_TCGA_CPTAC-3_DEA\240503_TCGA_CPTAC-3_DEA_Output/240503_TCGA_CPTAC-3_MAGEA10_MEDvsHIG
C:\Users\TTUSVM\Documents\TCGA2\240503_TCGA_CPTAC-3_Output\240503_TCGA_CPTAC-3_DEA\240503_TCGA_CPTAC-3_DEA_Input/240503_TCGA_CPTAC-3_MAGEA10_NEGvsHIG_DES.csv,C:\Users\TTUSVM\Documents\TCGA2\240503_TCGA_CPTAC-3_Output\240503_TCGA_CPTAC-3_DEA\240503_TCGA_CPTAC-3_DEA_Input/240503_TCGA_CPTAC-3_MAGEA10_NEGvsHIG_RAW.csv,C:\Users\TTUSVM\Documents\TCGA2\240503_TCGA_CPTAC-3_Output\240503_TCGA_CPTAC-3_DEA\240503_TCGA_CPTAC-3_DEA_Output/240503_TCGA_CPTAC-3_MAGEA10_NEGvsHIG
C:\Users\TTUSVM\Documents\TCGA2\240503_TCGA_CPTAC-3_Output\240503_TCGA_CPTAC-3_DEA\240503_TCGA_CPTAC-3_DEA_Input/240503_TCGA_CPTAC-3_MAGEA10_NEGvsMED_DES.csv,C:\Users\TTUSVM\Documents\TCGA2\240503_TCGA_CPTAC-3_Output\240503_TCGA_CPTAC-3_DEA\240503_TCGA_CPTAC-3_DEA_Input/240503_TCGA_CPTAC-3_MAGEA10_NEGvsMED_RAW.csv,C:\Users\TTUSVM\Documents\TCGA2\240503_TCGA_CPTAC-3_Output\240503_TCGA_CPTAC-3_DEA\240503_TCGA_CPTAC-3_DEA_Output/240503_TCGA_CPTAC-3_MAGEA10_NEGvsMED
C:\Users\TTUSVM\Documents\TCGA2\240503_TCGA_CPTAC-3_Output\240503_TCGA_CPTAC-3_DEA\240503_TCGA_CPTAC-3_DEA_Input/240503_TCGA_CPTAC-3_MAGEA11_NEGvsPOS_DES.csv,C:\Users\TTUSVM\Documents\TCGA2\240503_TCGA_CPTAC-3_Output\240503_TCGA_CPTAC-3_DEA\240503_TCGA_CPTAC-3_DEA_Input/240503_TCGA_CPTAC-3_MAGEA11_NEGvsPOS_RAW.csv,C:\Users\TTUSVM\Documents\TCGA2\240503_TCGA_CPTAC-3_Output\240503_TCGA_CPTAC-3_DEA\240503_TCGA_CPTAC-3_DEA_Output/240503_TCGA_CPTAC-3_MAGEA11_NEGvsPOS
C:\Users\TTUSVM\Documents\TCGA2\240503_TCGA_CPTAC-3_Output\240503_TCGA_CPTAC-3_DEA\240503_TCGA_CPTAC-3_DEA_Input/240503_TCGA_CPTAC-3_MAGEA12_MEDvsHIG_DES.csv,C:\Users\TTUSVM\Documents\TCGA2\240503_TCGA_CPTAC-3_Output\240503_TCGA_CPTAC-3_DEA\240503_TCGA_CPTAC-3_DEA_Input/240503_TCGA_CPTAC-3_MAGEA12_MEDvsHIG_RAW.csv,C:\Users\TTUSVM\Documents\TCGA2\240503_TCGA_CPTAC-3_Output\240503_TCGA_CPTAC-3_DEA\240503_TCGA_CPTAC-3_DEA_Output/240503_TCGA_CPTAC-3_MAGEA12_MEDvsHIG
C:\Users\TTUSVM\Documents\TCGA2\240503_TCGA_CPTAC-3_Output\240503_TCGA_CPTAC-3_DEA\240503_TCGA_CPTAC-3_DEA_Input/240503_TCGA_CPTAC-3_MAGEA12_NEGvsHIG_DES.csv,C:\Users\TTUSVM\Documents\TCGA2\240503_TCGA_CPTAC-3_Output\240503_TCGA_CPTAC-3_DEA\240503_TCGA_CPTAC-3_DEA_Input/240503_TCGA_CPTAC-3_MAGEA12_NEGvsHIG_RAW.csv,C:\Users\TTUSVM\Documents\TCGA2\240503_TCGA_CPTAC-3_Output\240503_TCGA_CPTAC-3_DEA\240503_TCGA_CPTAC-3_DEA_Output/240503_TCGA_CPTAC-3_MAGEA12_NEGvsHIG
C:\Users\TTUSVM\Documents\TCGA2\240503_TCGA_CPTAC-3_Output\240503_TCGA_CPTAC-3_DEA\240503_TCGA_CPTAC-3_DEA_Input/240503_TCGA_CPTAC-3_MAGEA12_NEGvsMED_DES.csv,C:\Users\TTUSVM\Documents\TCGA2\240503_TCGA_CPTAC-3_Output\240503_TCGA_CPTAC-3_DEA\240503_TCGA_CPTAC-3_DEA_Input/240503_TCGA_CPTAC-3_MAGEA12_NEGvsMED_RAW.csv,C:\Users\TTUSVM\Documents\TCGA2\240503_TCGA_CPTAC-3_Output\240503_TCGA_CPTAC-3_DEA\240503_TCGA_CPTAC-3_DEA_Output/240503_TCGA_CPTAC-3_MAGEA12_NEGvsMED
C:\Users\TTUSVM\Documents\TCGA2\240503_TCGA_CPTAC-3_Output\240503_TCGA_CPTAC-3_DEA\240503_TCGA_CPTAC-3_DEA_Input/240503_TCGA_CPTAC-3_MAGEA1_MEDvsHIG_DES.csv,C:\Users\TTUSVM\Documents\TCGA2\240503_TCGA_CPTAC-3_Output\240503_TCGA_CPTAC-3_DEA\240503_TCGA_CPTAC-3_DEA_Input/240503_TCGA_CPTAC-3_MAGEA1_MEDvsHIG_RAW.csv,C:\Users\TTUSVM\Documents\TCGA2\240503_TCGA_CPTAC-3_Output\240503_TCGA_CPTAC-3_DEA\240503_TCGA_CPTAC-3_DEA_Output/240503_TCGA_CPTAC-3_MAGEA1_MEDvsHIG
C:\Users\TTUSVM\Documents\TCGA2\240503_TCGA_CPTAC-3_Output\240503_TCGA_CPTAC-3_DEA\240503_TCGA_CPTAC-3_DEA_Input/240503_TCGA_CPTAC-3_MAGEA1_NEGvsHIG_DES.csv,C:\Users\TTUSVM\Documents\TCGA2\240503_TCGA_CPTAC-3_Output\240503_TCGA_CPTAC-3_DEA\240503_TCGA_CPTAC-3_DEA_Input/240503_TCGA_CPTAC-3_MAGEA1_NEGvsHIG_RAW.csv,C:\Users\TTUSVM\Documents\TCGA2\240503_TCGA_CPTAC-3_Output\240503_TCGA_CPTAC-3_DEA\240503_TCGA_CPTAC-3_DEA_Output/240503_TCGA_CPTAC-3_MAGEA1_NEGvsHIG
C:\Users\TTUSVM\Documents\TCGA2\240503_TCGA_CPTAC-3_Output\240503_TCGA_CPTAC-3_DEA\240503_TCGA_CPTAC-3_DEA_Input/240503_TCGA_CPTAC-3_MAGEA1_NEGvsMED_DES.csv,C:\Users\TTUSVM\Documents\TCGA2\240503_TCGA_CPTAC-3_Output\240503_TCGA_CPTAC-3_DEA\240503_TCGA_CPTAC-3_DEA_Input/240503_TCGA_CPTAC-3_MAGEA1_NEGvsMED_RAW.csv,C:\Users\TTUSVM\Documents\TCGA2\240503_TCGA_CPTAC-3_Output\240503_TCGA_CPTAC-3_DEA\240503_TCGA_CPTAC-3_DEA_Output/240503_TCGA_CPTAC-3_MAGEA1_NEGvsMED
C:\Users\TTUSVM\Documents\TCGA2\240503_TCGA_CPTAC-3_Output\240503_TCGA_CPTAC-3_DEA\240503_TCGA_CPTAC-3_DEA_Input/240503_TCGA_CPTAC-3_MAGEA2B_NEGvsPOS_DES.csv,C:\Users\TTUSVM\Documents\TCGA2\240503_TCGA_CPTAC-3_Output\240503_TCGA_CPTAC-3_DEA\240503_TCGA_CPTAC-3_DEA_Input/240503_TCGA_CPTAC-3_MAGEA2B_NEGvsPOS_RAW.csv,C:\Users\TTUSVM\Documents\TCGA2\240503_TCGA_CPTAC-3_Output\240503_TCGA_CPTAC-3_DEA\240503_TCGA_CPTAC-3_DEA_Output/240503_TCGA_CPTAC-3_MAGEA2B_NEGvsPOS
C:\Users\TTUSVM\Documents\TCGA2\240503_TCGA_CPTAC-3_Output\240503_TCGA_CPTAC-3_DEA\240503_TCGA_CPTAC-3_DEA_Input/240503_TCGA_CPTAC-3_MAGEA2_NEGvsPOS_DES.csv,C:\Users\TTUSVM\Documents\TCGA2\240503_TCGA_CPTAC-3_Output\240503_TCGA_CPTAC-3_DEA\240503_TCGA_CPTAC-3_DEA_Input/240503_TCGA_CPTAC-3_MAGEA2_NEGvsPOS_RAW.csv,C:\Users\TTUSVM\Documents\TCGA2\240503_TCGA_CPTAC-3_Output\240503_TCGA_CPTAC-3_DEA\240503_TCGA_CPTAC-3_DEA_Output/240503_TCGA_CPTAC-3_MAGEA2_NEGvsPOS
C:\Users\TTUSVM\Documents\TCGA2\240503_TCGA_CPTAC-3_Output\240503_TCGA_CPTAC-3_DEA\240503_TCGA_CPTAC-3_DEA_Input/240503_TCGA_CPTAC-3_MAGEA3_MEDvsHIG_DES.csv,C:\Users\TTUSVM\Documents\TCGA2\240503_TCGA_CPTAC-3_Output\240503_TCGA_CPTAC-3_DEA\240503_TCGA_CPTAC-3_DEA_Input/240503_TCGA_CPTAC-3_MAGEA3_MEDvsHIG_RAW.csv,C:\Users\TTUSVM\Documents\TCGA2\240503_TCGA_CPTAC-3_Output\240503_TCGA_CPTAC-3_DEA\240503_TCGA_CPTAC-3_DEA_Output/240503_TCGA_CPTAC-3_MAGEA3_MEDvsHIG
C:\Users\TTUSVM\Documents\TCGA2\240503_TCGA_CPTAC-3_Output\240503_TCGA_CPTAC-3_DEA\240503_TCGA_CPTAC-3_DEA_Input/240503_TCGA_CPTAC-3_MAGEA3_NEGvsHIG_DES.csv,C:\Users\TTUSVM\Documents\TCGA2\240503_TCGA_CPTAC-3_Output\240503_TCGA_CPTAC-3_DEA\240503_TCGA_CPTAC-3_DEA_Input/240503_TCGA_CPTAC-3_MAGEA3_NEGvsHIG_RAW.csv,C:\Users\TTUSVM\Documents\TCGA2\240503_TCGA_CPTAC-3_Output\240503_TCGA_CPTAC-3_DEA\240503_TCGA_CPTAC-3_DEA_Output/240503_TCGA_CPTAC-3_MAGEA3_NEGvsHIG
C:\Users\TTUSVM\Documents\TCGA2\240503_TCGA_CPTAC-3_Output\240503_TCGA_CPTAC-3_DEA\240503_TCGA_CPTAC-3_DEA_Input/240503_TCGA_CPTAC-3_MAGEA3_NEGvsMED_DES.csv,C:\Users\TTUSVM\Documents\TCGA2\240503_TCGA_CPTAC-3_Output\240503_TCGA_CPTAC-3_DEA\240503_TCGA_CPTAC-3_DEA_Input/240503_TCGA_CPTAC-3_MAGEA3_NEGvsMED_RAW.csv,C:\Users\TTUSVM\Documents\TCGA2\240503_TCGA_CPTAC-3_Output\240503_TCGA_CPTAC-3_DEA\240503_TCGA_CPTAC-3_DEA_Output/240503_TCGA_CPTAC-3_MAGEA3_NEGvsMED
C:\Users\TTUSVM\Documents\TCGA2\240503_TCGA_CPTAC-3_Output\240503_TCGA_CPTAC-3_DEA\240503_TCGA_CPTAC-3_DEA_Input/240503_TCGA_CPTAC-3_MAGEA4_MEDvsHIG_DES.csv,C:\Users\TTUSVM\Documents\TCGA2\240503_TCGA_CPTAC-3_Output\240503_TCGA_CPTAC-3_DEA\240503_TCGA_CPTAC-3_DEA_Input/240503_TCGA_CPTAC-3_MAGEA4_MEDvsHIG_RAW.csv,C:\Users\TTUSVM\Documents\TCGA2\240503_TCGA_CPTAC-3_Output\240503_TCGA_CPTAC-3_DEA\240503_TCGA_CPTAC-3_DEA_Output/240503_TCGA_CPTAC-3_MAGEA4_MEDvsHIG
C:\Users\TTUSVM\Documents\TCGA2\240503_TCGA_CPTAC-3_Output\240503_TCGA_CPTAC-3_DEA\240503_TCGA_CPTAC-3_DEA_Input/240503_TCGA_CPTAC-3_MAGEA4_NEGvsHIG_DES.csv,C:\Users\TTUSVM\Documents\TCGA2\240503_TCGA_CPTAC-3_Output\240503_TCGA_CPTAC-3_DEA\240503_TCGA_CPTAC-3_DEA_Input/240503_TCGA_CPTAC-3_MAGEA4_NEGvsHIG_RAW.csv,C:\Users\TTUSVM\Documents\TCGA2\240503_TCGA_CPTAC-3_Output\240503_TCGA_CPTAC-3_DEA\240503_TCGA_CPTAC-3_DEA_Output/240503_TCGA_CPTAC-3_MAGEA4_NEGvsHIG
C:\Users\TTUSVM\Documents\TCGA2\240503_TCGA_CPTAC-3_Output\240503_TCGA_CPTAC-3_DEA\240503_TCGA_CPTAC-3_DEA_Input/240503_TCGA_CPTAC-3_MAGEA4_NEGvsMED_DES.csv,C:\Users\TTUSVM\Documents\TCGA2\240503_TCGA_CPTAC-3_Output\240503_TCGA_CPTAC-3_DEA\240503_TCGA_CPTAC-3_DEA_Input/240503_TCGA_CPTAC-3_MAGEA4_NEGvsMED_RAW.csv,C:\Users\TTUSVM\Documents\TCGA2\240503_TCGA_CPTAC-3_Output\240503_TCGA_CPTAC-3_DEA\240503_TCGA_CPTAC-3_DEA_Output/240503_TCGA_CPTAC-3_MAGEA4_NEGvsMED
C:\Users\TTUSVM\Documents\TCGA2\240503_TCGA_CPTAC-3_Output\240503_TCGA_CPTAC-3_DEA\240503_TCGA_CPTAC-3_DEA_Input/240503_TCGA_CPTAC-3_MAGEA5_MEDvsHIG_DES.csv,C:\Users\TTUSVM\Documents\TCGA2\240503_TCGA_CPTAC-3_Output\240503_TCGA_CPTAC-3_DEA\240503_TCGA_CPTAC-3_DEA_Input/240503_TCGA_CPTAC-3_MAGEA5_MEDvsHIG_RAW.csv,C:\Users\TTUSVM\Documents\TCGA2\240503_TCGA_CPTAC-3_Output\240503_TCGA_CPTAC-3_DEA\240503_TCGA_CPTAC-3_DEA_Output/240503_TCGA_CPTAC-3_MAGEA5_MEDvsHIG
C:\Users\TTUSVM\Documents\TCGA2\240503_TCGA_CPTAC-3_Output\240503_TCGA_CPTAC-3_DEA\240503_TCGA_CPTAC-3_DEA_Input/240503_TCGA_CPTAC-3_MAGEA5_NEGvsHIG_DES.csv,C:\Users\TTUSVM\Documents\TCGA2\240503_TCGA_CPTAC-3_Output\240503_TCGA_CPTAC-3_DEA\240503_TCGA_CPTAC-3_DEA_Input/240503_TCGA_CPTAC-3_MAGEA5_NEGvsHIG_RAW.csv,C:\Users\TTUSVM\Documents\TCGA2\240503_TCGA_CPTAC-3_Output\240503_TCGA_CPTAC-3_DEA\240503_TCGA_CPTAC-3_DEA_Output/240503_TCGA_CPTAC-3_MAGEA5_NEGvsHIG
C:\Users\TTUSVM\Documents\TCGA2\240503_TCGA_CPTAC-3_Output\240503_TCGA_CPTAC-3_DEA\240503_TCGA_CPTAC-3_DEA_Input/240503_TCGA_CPTAC-3_MAGEA5_NEGvsMED_DES.csv,C:\Users\TTUSVM\Documents\TCGA2\240503_TCGA_CPTAC-3_Output\240503_TCGA_CPTAC-3_DEA\240503_TCGA_CPTAC-3_DEA_Input/240503_TCGA_CPTAC-3_MAGEA5_NEGvsMED_RAW.csv,C:\Users\TTUSVM\Documents\TCGA2\240503_TCGA_CPTAC-3_Output\240503_TCGA_CPTAC-3_DEA\240503_TCGA_CPTAC-3_DEA_Output/240503_TCGA_CPTAC-3_MAGEA5_NEGvsMED
C:\Users\TTUSVM\Documents\TCGA2\240503_TCGA_CPTAC-3_Output\240503_TCGA_CPTAC-3_DEA\240503_TCGA_CPTAC-3_DEA_Input/240503_TCGA_CPTAC-3_MAGEA6_MEDvsHIG_DES.csv,C:\Users\TTUSVM\Documents\TCGA2\240503_TCGA_CPTAC-3_Output\240503_TCGA_CPTAC-3_DEA\240503_TCGA_CPTAC-3_DEA_Input/240503_TCGA_CPTAC-3_MAGEA6_MEDvsHIG_RAW.csv,C:\Users\TTUSVM\Documents\TCGA2\240503_TCGA_CPTAC-3_Output\240503_TCGA_CPTAC-3_DEA\240503_TCGA_CPTAC-3_DEA_Output/240503_TCGA_CPTAC-3_MAGEA6_MEDvsHIG
C:\Users\TTUSVM\Documents\TCGA2\240503_TCGA_CPTAC-3_Output\240503_TCGA_CPTAC-3_DEA\240503_TCGA_CPTAC-3_DEA_Input/240503_TCGA_CPTAC-3_MAGEA6_NEGvsHIG_DES.csv,C:\Users\TTUSVM\Documents\TCGA2\240503_TCGA_CPTAC-3_Output\240503_TCGA_CPTAC-3_DEA\240503_TCGA_CPTAC-3_DEA_Input/240503_TCGA_CPTAC-3_MAGEA6_NEGvsHIG_RAW.csv,C:\Users\TTUSVM\Documents\TCGA2\240503_TCGA_CPTAC-3_Output\240503_TCGA_CPTAC-3_DEA\240503_TCGA_CPTAC-3_DEA_Output/240503_TCGA_CPTAC-3_MAGEA6_NEGvsHIG
C:\Users\TTUSVM\Documents\TCGA2\240503_TCGA_CPTAC-3_Output\240503_TCGA_CPTAC-3_DEA\240503_TCGA_CPTAC-3_DEA_Input/240503_TCGA_CPTAC-3_MAGEA6_NEGvsMED_DES.csv,C:\Users\TTUSVM\Documents\TCGA2\240503_TCGA_CPTAC-3_Output\240503_TCGA_CPTAC-3_DEA\240503_TCGA_CPTAC-3_DEA_Input/240503_TCGA_CPTAC-3_MAGEA6_NEGvsMED_RAW.csv,C:\Users\TTUSVM\Documents\TCGA2\240503_TCGA_CPTAC-3_Output\240503_TCGA_CPTAC-3_DEA\240503_TCGA_CPTAC-3_DEA_Output/240503_TCGA_CPTAC-3_MAGEA6_NEGvsMED
C:\Users\TTUSVM\Documents\TCGA2\240503_TCGA_CPTAC-3_Output\240503_TCGA_CPTAC-3_DEA\240503_TCGA_CPTAC-3_DEA_Input/240503_TCGA_CPTAC-3_MAGEA7P_NEGvsPOS_DES.csv,C:\Users\TTUSVM\Documents\TCGA2\240503_TCGA_CPTAC-3_Output\240503_TCGA_CPTAC-3_DEA\240503_TCGA_CPTAC-3_DEA_Input/240503_TCGA_CPTAC-3_MAGEA7P_NEGvsPOS_RAW.csv,C:\Users\TTUSVM\Documents\TCGA2\240503_TCGA_CPTAC-3_Output\240503_TCGA_CPTAC-3_DEA\240503_TCGA_CPTAC-3_DEA_Output/240503_TCGA_CPTAC-3_MAGEA7P_NEGvsPOS
C:\Users\TTUSVM\Documents\TCGA2\240503_TCGA_CPTAC-3_Output\240503_TCGA_CPTAC-3_DEA\240503_TCGA_CPTAC-3_DEA_Input/240503_TCGA_CPTAC-3_MAGEA8_NEGvsPOS_DES.csv,C:\Users\TTUSVM\Documents\TCGA2\240503_TCGA_CPTAC-3_Output\240503_TCGA_CPTAC-3_DEA\240503_TCGA_CPTAC-3_DEA_Input/240503_TCGA_CPTAC-3_MAGEA8_NEGvsPOS_RAW.csv,C:\Users\TTUSVM\Documents\TCGA2\240503_TCGA_CPTAC-3_Output\240503_TCGA_CPTAC-3_DEA\240503_TCGA_CPTAC-3_DEA_Output/240503_TCGA_CPTAC-3_MAGEA8_NEGvsPOS
C:\Users\TTUSVM\Documents\TCGA2\240503_TCGA_CPTAC-3_Output\240503_TCGA_CPTAC-3_DEA\240503_TCGA_CPTAC-3_DEA_Input/240503_TCGA_CPTAC-3_MAGEA9B_MEDvsHIG_DES.csv,C:\Users\TTUSVM\Documents\TCGA2\240503_TCGA_CPTAC-3_Output\240503_TCGA_CPTAC-3_DEA\240503_TCGA_CPTAC-3_DEA_Input/240503_TCGA_CPTAC-3_MAGEA9B_MEDvsHIG_RAW.csv,C:\Users\TTUSVM\Documents\TCGA2\240503_TCGA_CPTAC-3_Output\240503_TCGA_CPTAC-3_DEA\240503_TCGA_CPTAC-3_DEA_Output/240503_TCGA_CPTAC-3_MAGEA9B_MEDvsHIG
C:\Users\TTUSVM\Documents\TCGA2\240503_TCGA_CPTAC-3_Output\240503_TCGA_CPTAC-3_DEA\240503_TCGA_CPTAC-3_DEA_Input/240503_TCGA_CPTAC-3_MAGEA9B_NEGvsHIG_DES.csv,C:\Users\TTUSVM\Documents\TCGA2\240503_TCGA_CPTAC-3_Output\240503_TCGA_CPTAC-3_DEA\240503_TCGA_CPTAC-3_DEA_Input/240503_TCGA_CPTAC-3_MAGEA9B_NEGvsHIG_RAW.csv,C:\Users\TTUSVM\Documents\TCGA2\240503_TCGA_CPTAC-3_Output\240503_TCGA_CPTAC-3_DEA\240503_TCGA_CPTAC-3_DEA_Output/240503_TCGA_CPTAC-3_MAGEA9B_NEGvsHIG
C:\Users\TTUSVM\Documents\TCGA2\240503_TCGA_CPTAC-3_Output\240503_TCGA_CPTAC-3_DEA\240503_TCGA_CPTAC-3_DEA_Input/240503_TCGA_CPTAC-3_MAGEA9B_NEGvsMED_DES.csv,C:\Users\TTUSVM\Documents\TCGA2\240503_TCGA_CPTAC-3_Output\240503_TCGA_CPTAC-3_DEA\240503_TCGA_CPTAC-3_DEA_Input/240503_TCGA_CPTAC-3_MAGEA9B_NEGvsMED_RAW.csv,C:\Users\TTUSVM\Documents\TCGA2\240503_TCGA_CPTAC-3_Output\240503_TCGA_CPTAC-3_DEA\240503_TCGA_CPTAC-3_DEA_Output/240503_TCGA_CPTAC-3_MAGEA9B_NEGvsMED
C:\Users\TTUSVM\Documents\TCGA2\240503_TCGA_CPTAC-3_Output\240503_TCGA_CPTAC-3_DEA\240503_TCGA_CPTAC-3_DEA_Input/240503_TCGA_CPTAC-3_MAGEA9_NEGvsPOS_DES.csv,C:\Users\TTUSVM\Documents\TCGA2\240503_TCGA_CPTAC-3_Output\240503_TCGA_CPTAC-3_DEA\240503_TCGA_CPTAC-3_DEA_Input/240503_TCGA_CPTAC-3_MAGEA9_NEGvsPOS_RAW.csv,C:\Users\TTUSVM\Documents\TCGA2\240503_TCGA_CPTAC-3_Output\240503_TCGA_CPTAC-3_DEA\240503_TCGA_CPTAC-3_DEA_Output/240503_TCGA_CPTAC-3_MAGEA9_NEGvsPOS
C:\Users\TTUSVM\Documents\TCGA2\240503_TCGA_CPTAC-3_Output\240503_TCGA_CPTAC-3_DEA\240503_TCGA_CPTAC-3_DEA_Input/240503_TCGA_CPTAC-3_MAGEB10_NEGvsPOS_DES.csv,C:\Users\TTUSVM\Documents\TCGA2\240503_TCGA_CPTAC-3_Output\240503_TCGA_CPTAC-3_DEA\240503_TCGA_CPTAC-3_DEA_Input/240503_TCGA_CPTAC-3_MAGEB10_NEGvsPOS_RAW.csv,C:\Users\TTUSVM\Documents\TCGA2\240503_TCGA_CPTAC-3_Output\240503_TCGA_CPTAC-3_DEA\240503_TCGA_CPTAC-3_DEA_Output/240503_TCGA_CPTAC-3_MAGEB10_NEGvsPOS
C:\Users\TTUSVM\Documents\TCGA2\240503_TCGA_CPTAC-3_Output\240503_TCGA_CPTAC-3_DEA\240503_TCGA_CPTAC-3_DEA_Input/240503_TCGA_CPTAC-3_MAGEB16_NEGvsPOS_DES.csv,C:\Users\TTUSVM\Documents\TCGA2\240503_TCGA_CPTAC-3_Output\240503_TCGA_CPTAC-3_DEA\240503_TCGA_CPTAC-3_DEA_Input/240503_TCGA_CPTAC-3_MAGEB16_NEGvsPOS_RAW.csv,C:\Users\TTUSVM\Documents\TCGA2\240503_TCGA_CPTAC-3_Output\240503_TCGA_CPTAC-3_DEA\240503_TCGA_CPTAC-3_DEA_Output/240503_TCGA_CPTAC-3_MAGEB16_NEGvsPOS
C:\Users\TTUSVM\Documents\TCGA2\240503_TCGA_CPTAC-3_Output\240503_TCGA_CPTAC-3_DEA\240503_TCGA_CPTAC-3_DEA_Input/240503_TCGA_CPTAC-3_MAGEB17_MEDvsHIG_DES.csv,C:\Users\TTUSVM\Documents\TCGA2\240503_TCGA_CPTAC-3_Output\240503_TCGA_CPTAC-3_DEA\240503_TCGA_CPTAC-3_DEA_Input/240503_TCGA_CPTAC-3_MAGEB17_MEDvsHIG_RAW.csv,C:\Users\TTUSVM\Documents\TCGA2\240503_TCGA_CPTAC-3_Output\240503_TCGA_CPTAC-3_DEA\240503_TCGA_CPTAC-3_DEA_Output/240503_TCGA_CPTAC-3_MAGEB17_MEDvsHIG
C:\Users\TTUSVM\Documents\TCGA2\240503_TCGA_CPTAC-3_Output\240503_TCGA_CPTAC-3_DEA\240503_TCGA_CPTAC-3_DEA_Input/240503_TCGA_CPTAC-3_MAGEB17_NEGvsHIG_DES.csv,C:\Users\TTUSVM\Documents\TCGA2\240503_TCGA_CPTAC-3_Output\240503_TCGA_CPTAC-3_DEA\240503_TCGA_CPTAC-3_DEA_Input/240503_TCGA_CPTAC-3_MAGEB17_NEGvsHIG_RAW.csv,C:\Users\TTUSVM\Documents\TCGA2\240503_TCGA_CPTAC-3_Output\240503_TCGA_CPTAC-3_DEA\240503_TCGA_CPTAC-3_DEA_Output/240503_TCGA_CPTAC-3_MAGEB17_NEGvsHIG
C:\Users\TTUSVM\Documents\TCGA2\240503_TCGA_CPTAC-3_Output\240503_TCGA_CPTAC-3_DEA\240503_TCGA_CPTAC-3_DEA_Input/240503_TCGA_CPTAC-3_MAGEB17_NEGvsMED_DES.csv,C:\Users\TTUSVM\Documents\TCGA2\240503_TCGA_CPTAC-3_Output\240503_TCGA_CPTAC-3_DEA\240503_TCGA_CPTAC-3_DEA_Input/240503_TCGA_CPTAC-3_MAGEB17_NEGvsMED_RAW.csv,C:\Users\TTUSVM\Documents\TCGA2\240503_TCGA_CPTAC-3_Output\240503_TCGA_CPTAC-3_DEA\240503_TCGA_CPTAC-3_DEA_Output/240503_TCGA_CPTAC-3_MAGEB17_NEGvsMED
C:\Users\TTUSVM\Documents\TCGA2\240503_TCGA_CPTAC-3_Output\240503_TCGA_CPTAC-3_DEA\240503_TCGA_CPTAC-3_DEA_Input/240503_TCGA_CPTAC-3_MAGEB18_NEGvsPOS_DES.csv,C:\Users\TTUSVM\Documents\TCGA2\240503_TCGA_CPTAC-3_Output\240503_TCGA_CPTAC-3_DEA\240503_TCGA_CPTAC-3_DEA_Input/240503_TCGA_CPTAC-3_MAGEB18_NEGvsPOS_RAW.csv,C:\Users\TTUSVM\Documents\TCGA2\240503_TCGA_CPTAC-3_Output\240503_TCGA_CPTAC-3_DEA\240503_TCGA_CPTAC-3_DEA_Output/240503_TCGA_CPTAC-3_MAGEB18_NEGvsPOS
C:\Users\TTUSVM\Documents\TCGA2\240503_TCGA_CPTAC-3_Output\240503_TCGA_CPTAC-3_DEA\240503_TCGA_CPTAC-3_DEA_Input/240503_TCGA_CPTAC-3_MAGEB1_NEGvsPOS_DES.csv,C:\Users\TTUSVM\Documents\TCGA2\240503_TCGA_CPTAC-3_Output\240503_TCGA_CPTAC-3_DEA\240503_TCGA_CPTAC-3_DEA_Input/240503_TCGA_CPTAC-3_MAGEB1_NEGvsPOS_RAW.csv,C:\Users\TTUSVM\Documents\TCGA2\240503_TCGA_CPTAC-3_Output\240503_TCGA_CPTAC-3_DEA\240503_TCGA_CPTAC-3_DEA_Output/240503_TCGA_CPTAC-3_MAGEB1_NEGvsPOS
C:\Users\TTUSVM\Documents\TCGA2\240503_TCGA_CPTAC-3_Output\240503_TCGA_CPTAC-3_DEA\240503_TCGA_CPTAC-3_DEA_Input/240503_TCGA_CPTAC-3_MAGEB2_MEDvsHIG_DES.csv,C:\Users\TTUSVM\Documents\TCGA2\240503_TCGA_CPTAC-3_Output\240503_TCGA_CPTAC-3_DEA\240503_TCGA_CPTAC-3_DEA_Input/240503_TCGA_CPTAC-3_MAGEB2_MEDvsHIG_RAW.csv,C:\Users\TTUSVM\Documents\TCGA2\240503_TCGA_CPTAC-3_Output\240503_TCGA_CPTAC-3_DEA\240503_TCGA_CPTAC-3_DEA_Output/240503_TCGA_CPTAC-3_MAGEB2_MEDvsHIG
C:\Users\TTUSVM\Documents\TCGA2\240503_TCGA_CPTAC-3_Output\240503_TCGA_CPTAC-3_DEA\240503_TCGA_CPTAC-3_DEA_Input/240503_TCGA_CPTAC-3_MAGEB2_NEGvsHIG_DES.csv,C:\Users\TTUSVM\Documents\TCGA2\240503_TCGA_CPTAC-3_Output\240503_TCGA_CPTAC-3_DEA\240503_TCGA_CPTAC-3_DEA_Input/240503_TCGA_CPTAC-3_MAGEB2_NEGvsHIG_RAW.csv,C:\Users\TTUSVM\Documents\TCGA2\240503_TCGA_CPTAC-3_Output\240503_TCGA_CPTAC-3_DEA\240503_TCGA_CPTAC-3_DEA_Output/240503_TCGA_CPTAC-3_MAGEB2_NEGvsHIG
C:\Users\TTUSVM\Documents\TCGA2\240503_TCGA_CPTAC-3_Output\240503_TCGA_CPTAC-3_DEA\240503_TCGA_CPTAC-3_DEA_Input/240503_TCGA_CPTAC-3_MAGEB2_NEGvsMED_DES.csv,C:\Users\TTUSVM\Documents\TCGA2\240503_TCGA_CPTAC-3_Output\240503_TCGA_CPTAC-3_DEA\240503_TCGA_CPTAC-3_DEA_Input/240503_TCGA_CPTAC-3_MAGEB2_NEGvsMED_RAW.csv,C:\Users\TTUSVM\Documents\TCGA2\240503_TCGA_CPTAC-3_Output\240503_TCGA_CPTAC-3_DEA\240503_TCGA_CPTAC-3_DEA_Output/240503_TCGA_CPTAC-3_MAGEB2_NEGvsMED
C:\Users\TTUSVM\Documents\TCGA2\240503_TCGA_CPTAC-3_Output\240503_TCGA_CPTAC-3_DEA\240503_TCGA_CPTAC-3_DEA_Input/240503_TCGA_CPTAC-3_MAGEB3_NEGvsPOS_DES.csv,C:\Users\TTUSVM\Documents\TCGA2\240503_TCGA_CPTAC-3_Output\240503_TCGA_CPTAC-3_DEA\240503_TCGA_CPTAC-3_DEA_Input/240503_TCGA_CPTAC-3_MAGEB3_NEGvsPOS_RAW.csv,C:\Users\TTUSVM\Documents\TCGA2\240503_TCGA_CPTAC-3_Output\240503_TCGA_CPTAC-3_DEA\240503_TCGA_CPTAC-3_DEA_Output/240503_TCGA_CPTAC-3_MAGEB3_NEGvsPOS
C:\Users\TTUSVM\Documents\TCGA2\240503_TCGA_CPTAC-3_Output\240503_TCGA_CPTAC-3_DEA\240503_TCGA_CPTAC-3_DEA_Input/240503_TCGA_CPTAC-3_MAGEB4_NEGvsPOS_DES.csv,C:\Users\TTUSVM\Documents\TCGA2\240503_TCGA_CPTAC-3_Output\240503_TCGA_CPTAC-3_DEA\240503_TCGA_CPTAC-3_DEA_Input/240503_TCGA_CPTAC-3_MAGEB4_NEGvsPOS_RAW.csv,C:\Users\TTUSVM\Documents\TCGA2\240503_TCGA_CPTAC-3_Output\240503_TCGA_CPTAC-3_DEA\240503_TCGA_CPTAC-3_DEA_Output/240503_TCGA_CPTAC-3_MAGEB4_NEGvsPOS
C:\Users\TTUSVM\Documents\TCGA2\240503_TCGA_CPTAC-3_Output\240503_TCGA_CPTAC-3_DEA\240503_TCGA_CPTAC-3_DEA_Input/240503_TCGA_CPTAC-3_MAGEB5_NEGvsPOS_DES.csv,C:\Users\TTUSVM\Documents\TCGA2\240503_TCGA_CPTAC-3_Output\240503_TCGA_CPTAC-3_DEA\240503_TCGA_CPTAC-3_DEA_Input/240503_TCGA_CPTAC-3_MAGEB5_NEGvsPOS_RAW.csv,C:\Users\TTUSVM\Documents\TCGA2\240503_TCGA_CPTAC-3_Output\240503_TCGA_CPTAC-3_DEA\240503_TCGA_CPTAC-3_DEA_Output/240503_TCGA_CPTAC-3_MAGEB5_NEGvsPOS
C:\Users\TTUSVM\Documents\TCGA2\240503_TCGA_CPTAC-3_Output\240503_TCGA_CPTAC-3_DEA\240503_TCGA_CPTAC-3_DEA_Input/240503_TCGA_CPTAC-3_MAGEB6_NEGvsPOS_DES.csv,C:\Users\TTUSVM\Documents\TCGA2\240503_TCGA_CPTAC-3_Output\240503_TCGA_CPTAC-3_DEA\240503_TCGA_CPTAC-3_DEA_Input/240503_TCGA_CPTAC-3_MAGEB6_NEGvsPOS_RAW.csv,C:\Users\TTUSVM\Documents\TCGA2\240503_TCGA_CPTAC-3_Output\240503_TCGA_CPTAC-3_DEA\240503_TCGA_CPTAC-3_DEA_Output/240503_TCGA_CPTAC-3_MAGEB6_NEGvsPOS
C:\Users\TTUSVM\Documents\TCGA2\240503_TCGA_CPTAC-3_Output\240503_TCGA_CPTAC-3_DEA\240503_TCGA_CPTAC-3_DEA_Input/240503_TCGA_CPTAC-3_MAGEC1_NEGvsPOS_DES.csv,C:\Users\TTUSVM\Documents\TCGA2\240503_TCGA_CPTAC-3_Output\240503_TCGA_CPTAC-3_DEA\240503_TCGA_CPTAC-3_DEA_Input/240503_TCGA_CPTAC-3_MAGEC1_NEGvsPOS_RAW.csv,C:\Users\TTUSVM\Documents\TCGA2\240503_TCGA_CPTAC-3_Output\240503_TCGA_CPTAC-3_DEA\240503_TCGA_CPTAC-3_DEA_Output/240503_TCGA_CPTAC-3_MAGEC1_NEGvsPOS
C:\Users\TTUSVM\Documents\TCGA2\240503_TCGA_CPTAC-3_Output\240503_TCGA_CPTAC-3_DEA\240503_TCGA_CPTAC-3_DEA_Input/240503_TCGA_CPTAC-3_MAGEC2_MEDvsHIG_DES.csv,C:\Users\TTUSVM\Documents\TCGA2\240503_TCGA_CPTAC-3_Output\240503_TCGA_CPTAC-3_DEA\240503_TCGA_CPTAC-3_DEA_Input/240503_TCGA_CPTAC-3_MAGEC2_MEDvsHIG_RAW.csv,C:\Users\TTUSVM\Documents\TCGA2\240503_TCGA_CPTAC-3_Output\240503_TCGA_CPTAC-3_DEA\240503_TCGA_CPTAC-3_DEA_Output/240503_TCGA_CPTAC-3_MAGEC2_MEDvsHIG
C:\Users\TTUSVM\Documents\TCGA2\240503_TCGA_CPTAC-3_Output\240503_TCGA_CPTAC-3_DEA\240503_TCGA_CPTAC-3_DEA_Input/240503_TCGA_CPTAC-3_MAGEC2_NEGvsHIG_DES.csv,C:\Users\TTUSVM\Documents\TCGA2\240503_TCGA_CPTAC-3_Output\240503_TCGA_CPTAC-3_DEA\240503_TCGA_CPTAC-3_DEA_Input/240503_TCGA_CPTAC-3_MAGEC2_NEGvsHIG_RAW.csv,C:\Users\TTUSVM\Documents\TCGA2\240503_TCGA_CPTAC-3_Output\240503_TCGA_CPTAC-3_DEA\240503_TCGA_CPTAC-3_DEA_Output/240503_TCGA_CPTAC-3_MAGEC2_NEGvsHIG
C:\Users\TTUSVM\Documents\TCGA2\240503_TCGA_CPTAC-3_Output\240503_TCGA_CPTAC-3_DEA\240503_TCGA_CPTAC-3_DEA_Input/240503_TCGA_CPTAC-3_MAGEC2_NEGvsMED_DES.csv,C:\Users\TTUSVM\Documents\TCGA2\240503_TCGA_CPTAC-3_Output\240503_TCGA_CPTAC-3_DEA\240503_TCGA_CPTAC-3_DEA_Input/240503_TCGA_CPTAC-3_MAGEC2_NEGvsMED_RAW.csv,C:\Users\TTUSVM\Documents\TCGA2\240503_TCGA_CPTAC-3_Output\240503_TCGA_CPTAC-3_DEA\240503_TCGA_CPTAC-3_DEA_Output/240503_TCGA_CPTAC-3_MAGEC2_NEGvsMED
C:\Users\TTUSVM\Documents\TCGA2\240503_TCGA_CPTAC-3_Output\240503_TCGA_CPTAC-3_DEA\240503_TCGA_CPTAC-3_DEA_Input/240503_TCGA_CPTAC-3_MAGEC3_MEDvsHIG_DES.csv,C:\Users\TTUSVM\Documents\TCGA2\240503_TCGA_CPTAC-3_Output\240503_TCGA_CPTAC-3_DEA\240503_TCGA_CPTAC-3_DEA_Input/240503_TCGA_CPTAC-3_MAGEC3_MEDvsHIG_RAW.csv,C:\Users\TTUSVM\Documents\TCGA2\240503_TCGA_CPTAC-3_Output\240503_TCGA_CPTAC-3_DEA\240503_TCGA_CPTAC-3_DEA_Output/240503_TCGA_CPTAC-3_MAGEC3_MEDvsHIG
C:\Users\TTUSVM\Documents\TCGA2\240503_TCGA_CPTAC-3_Output\240503_TCGA_CPTAC-3_DEA\240503_TCGA_CPTAC-3_DEA_Input/240503_TCGA_CPTAC-3_MAGEC3_NEGvsHIG_DES.csv,C:\Users\TTUSVM\Documents\TCGA2\240503_TCGA_CPTAC-3_Output\240503_TCGA_CPTAC-3_DEA\240503_TCGA_CPTAC-3_DEA_Input/240503_TCGA_CPTAC-3_MAGEC3_NEGvsHIG_RAW.csv,C:\Users\TTUSVM\Documents\TCGA2\240503_TCGA_CPTAC-3_Output\240503_TCGA_CPTAC-3_DEA\240503_TCGA_CPTAC-3_DEA_Output/240503_TCGA_CPTAC-3_MAGEC3_NEGvsHIG
C:\Users\TTUSVM\Documents\TCGA2\240503_TCGA_CPTAC-3_Output\240503_TCGA_CPTAC-3_DEA\240503_TCGA_CPTAC-3_DEA_Input/240503_TCGA_CPTAC-3_MAGEC3_NEGvsMED_DES.csv,C:\Users\TTUSVM\Documents\TCGA2\240503_TCGA_CPTAC-3_Output\240503_TCGA_CPTAC-3_DEA\240503_TCGA_CPTAC-3_DEA_Input/240503_TCGA_CPTAC-3_MAGEC3_NEGvsMED_RAW.csv,C:\Users\TTUSVM\Documents\TCGA2\240503_TCGA_CPTAC-3_Output\240503_TCGA_CPTAC-3_DEA\240503_TCGA_CPTAC-3_DEA_Output/240503_TCGA_CPTAC-3_MAGEC3_NEGvsMED
C:\Users\TTUSVM\Documents\TCGA2\240503_TCGA_CPTAC-3_Output\240503_TCGA_CPTAC-3_DEA\240503_TCGA_CPTAC-3_DEA_Input/240503_TCGA_CPTAC-3_MAGED1_NEGvsPOS_DES.csv,C:\Users\TTUSVM\Documents\TCGA2\240503_TCGA_CPTAC-3_Output\240503_TCGA_CPTAC-3_DEA\240503_TCGA_CPTAC-3_DEA_Input/240503_TCGA_CPTAC-3_MAGED1_NEGvsPOS_RAW.csv,C:\Users\TTUSVM\Documents\TCGA2\240503_TCGA_CPTAC-3_Output\240503_TCGA_CPTAC-3_DEA\240503_TCGA_CPTAC-3_DEA_Output/240503_TCGA_CPTAC-3_MAGED1_NEGvsPOS
C:\Users\TTUSVM\Documents\TCGA2\240503_TCGA_CPTAC-3_Output\240503_TCGA_CPTAC-3_DEA\240503_TCGA_CPTAC-3_DEA_Input/240503_TCGA_CPTAC-3_MAGED2_NEGvsPOS_DES.csv,C:\Users\TTUSVM\Documents\TCGA2\240503_TCGA_CPTAC-3_Output\240503_TCGA_CPTAC-3_DEA\240503_TCGA_CPTAC-3_DEA_Input/240503_TCGA_CPTAC-3_MAGED2_NEGvsPOS_RAW.csv,C:\Users\TTUSVM\Documents\TCGA2\240503_TCGA_CPTAC-3_Output\240503_TCGA_CPTAC-3_DEA\240503_TCGA_CPTAC-3_DEA_Output/240503_TCGA_CPTAC-3_MAGED2_NEGvsPOS
C:\Users\TTUSVM\Documents\TCGA2\240503_TCGA_CPTAC-3_Output\240503_TCGA_CPTAC-3_DEA\240503_TCGA_CPTAC-3_DEA_Input/240503_TCGA_CPTAC-3_MAGED4B_NEGvsPOS_DES.csv,C:\Users\TTUSVM\Documents\TCGA2\240503_TCGA_CPTAC-3_Output\240503_TCGA_CPTAC-3_DEA\240503_TCGA_CPTAC-3_DEA_Input/240503_TCGA_CPTAC-3_MAGED4B_NEGvsPOS_RAW.csv,C:\Users\TTUSVM\Documents\TCGA2\240503_TCGA_CPTAC-3_Output\240503_TCGA_CPTAC-3_DEA\240503_TCGA_CPTAC-3_DEA_Output/240503_TCGA_CPTAC-3_MAGED4B_NEGvsPOS
C:\Users\TTUSVM\Documents\TCGA2\240503_TCGA_CPTAC-3_Output\240503_TCGA_CPTAC-3_DEA\240503_TCGA_CPTAC-3_DEA_Input/240503_TCGA_CPTAC-3_MAGED4_NEGvsPOS_DES.csv,C:\Users\TTUSVM\Documents\TCGA2\240503_TCGA_CPTAC-3_Output\240503_TCGA_CPTAC-3_DEA\240503_TCGA_CPTAC-3_DEA_Input/240503_TCGA_CPTAC-3_MAGED4_NEGvsPOS_RAW.csv,C:\Users\TTUSVM\Documents\TCGA2\240503_TCGA_CPTAC-3_Output\240503_TCGA_CPTAC-3_DEA\240503_TCGA_CPTAC-3_DEA_Output/240503_TCGA_CPTAC-3_MAGED4_NEGvsPOS
C:\Users\TTUSVM\Documents\TCGA2\240503_TCGA_CPTAC-3_Output\240503_TCGA_CPTAC-3_DEA\240503_TCGA_CPTAC-3_DEA_Input/240503_TCGA_CPTAC-3_MAGEE1_MEDvsHIG_DES.csv,C:\Users\TTUSVM\Documents\TCGA2\240503_TCGA_CPTAC-3_Output\240503_TCGA_CPTAC-3_DEA\240503_TCGA_CPTAC-3_DEA_Input/240503_TCGA_CPTAC-3_MAGEE1_MEDvsHIG_RAW.csv,C:\Users\TTUSVM\Documents\TCGA2\240503_TCGA_CPTAC-3_Output\240503_TCGA_CPTAC-3_DEA\240503_TCGA_CPTAC-3_DEA_Output/240503_TCGA_CPTAC-3_MAGEE1_MEDvsHIG
C:\Users\TTUSVM\Documents\TCGA2\240503_TCGA_CPTAC-3_Output\240503_TCGA_CPTAC-3_DEA\240503_TCGA_CPTAC-3_DEA_Input/240503_TCGA_CPTAC-3_MAGEE2_MEDvsHIG_DES.csv,C:\Users\TTUSVM\Documents\TCGA2\240503_TCGA_CPTAC-3_Output\240503_TCGA_CPTAC-3_DEA\240503_TCGA_CPTAC-3_DEA_Input/240503_TCGA_CPTAC-3_MAGEE2_MEDvsHIG_RAW.csv,C:\Users\TTUSVM\Documents\TCGA2\240503_TCGA_CPTAC-3_Output\240503_TCGA_CPTAC-3_DEA\240503_TCGA_CPTAC-3_DEA_Output/240503_TCGA_CPTAC-3_MAGEE2_MEDvsHIG
C:\Users\TTUSVM\Documents\TCGA2\240503_TCGA_CPTAC-3_Output\240503_TCGA_CPTAC-3_DEA\240503_TCGA_CPTAC-3_DEA_Input/240503_TCGA_CPTAC-3_MAGEE2_NEGvsHIG_DES.csv,C:\Users\TTUSVM\Documents\TCGA2\240503_TCGA_CPTAC-3_Output\240503_TCGA_CPTAC-3_DEA\240503_TCGA_CPTAC-3_DEA_Input/240503_TCGA_CPTAC-3_MAGEE2_NEGvsHIG_RAW.csv,C:\Users\TTUSVM\Documents\TCGA2\240503_TCGA_CPTAC-3_Output\240503_TCGA_CPTAC-3_DEA\240503_TCGA_CPTAC-3_DEA_Output/240503_TCGA_CPTAC-3_MAGEE2_NEGvsHIG
C:\Users\TTUSVM\Documents\TCGA2\240503_TCGA_CPTAC-3_Output\240503_TCGA_CPTAC-3_DEA\240503_TCGA_CPTAC-3_DEA_Input/240503_TCGA_CPTAC-3_MAGEE2_NEGvsMED_DES.csv,C:\Users\TTUSVM\Documents\TCGA2\240503_TCGA_CPTAC-3_Output\240503_TCGA_CPTAC-3_DEA\240503_TCGA_CPTAC-3_DEA_Input/240503_TCGA_CPTAC-3_MAGEE2_NEGvsMED_RAW.csv,C:\Users\TTUSVM\Documents\TCGA2\240503_TCGA_CPTAC-3_Output\240503_TCGA_CPTAC-3_DEA\240503_TCGA_CPTAC-3_DEA_Output/240503_TCGA_CPTAC-3_MAGEE2_NEGvsMED
C:\Users\TTUSVM\Documents\TCGA2\240503_TCGA_CPTAC-3_Output\240503_TCGA_CPTAC-3_DEA\240503_TCGA_CPTAC-3_DEA_Input/240503_TCGA_CPTAC-3_MAGEF1_NEGvsPOS_DES.csv,C:\Users\TTUSVM\Documents\TCGA2\240503_TCGA_CPTAC-3_Output\240503_TCGA_CPTAC-3_DEA\240503_TCGA_CPTAC-3_DEA_Input/240503_TCGA_CPTAC-3_MAGEF1_NEGvsPOS_RAW.csv,C:\Users\TTUSVM\Documents\TCGA2\240503_TCGA_CPTAC-3_Output\240503_TCGA_CPTAC-3_DEA\240503_TCGA_CPTAC-3_DEA_Output/240503_TCGA_CPTAC-3_MAGEF1_NEGvsPOS
C:\Users\TTUSVM\Documents\TCGA2\240503_TCGA_CPTAC-3_Output\240503_TCGA_CPTAC-3_DEA\240503_TCGA_CPTAC-3_DEA_Input/240503_TCGA_CPTAC-3_MAGEH1_NEGvsPOS_DES.csv,C:\Users\TTUSVM\Documents\TCGA2\240503_TCGA_CPTAC-3_Output\240503_TCGA_CPTAC-3_DEA\240503_TCGA_CPTAC-3_DEA_Input/240503_TCGA_CPTAC-3_MAGEH1_NEGvsPOS_RAW.csv,C:\Users\TTUSVM\Documents\TCGA2\240503_TCGA_CPTAC-3_Output\240503_TCGA_CPTAC-3_DEA\240503_TCGA_CPTAC-3_DEA_Output/240503_TCGA_CPTAC-3_MAGEH1_NEGvsPOS
C:\Users\TTUSVM\Documents\TCGA2\240503_TCGA_CPTAC-3_Output\240503_TCGA_CPTAC-3_DEA\240503_TCGA_CPTAC-3_DEA_Input/240503_TCGA_CPTAC-3_MAGEL2_MEDvsHIG_DES.csv,C:\Users\TTUSVM\Documents\TCGA2\240503_TCGA_CPTAC-3_Output\240503_TCGA_CPTAC-3_DEA\240503_TCGA_CPTAC-3_DEA_Input/240503_TCGA_CPTAC-3_MAGEL2_MEDvsHIG_RAW.csv,C:\Users\TTUSVM\Documents\TCGA2\240503_TCGA_CPTAC-3_Output\240503_TCGA_CPTAC-3_DEA\240503_TCGA_CPTAC-3_DEA_Output/240503_TCGA_CPTAC-3_MAGEL2_MEDvsHIG
C:\Users\TTUSVM\Documents\TCGA2\240503_TCGA_CPTAC-3_Output\240503_TCGA_CPTAC-3_DEA\240503_TCGA_CPTAC-3_DEA_Input/240503_TCGA_CPTAC-3_NDN_MEDvsHIG_DES.csv,C:\Users\TTUSVM\Documents\TCGA2\240503_TCGA_CPTAC-3_Output\240503_TCGA_CPTAC-3_DEA\240503_TCGA_CPTAC-3_DEA_Input/240503_TCGA_CPTAC-3_NDN_MEDvsHIG_RAW.csv,C:\Users\TTUSVM\Documents\TCGA2\240503_TCGA_CPTAC-3_Output\240503_TCGA_CPTAC-3_DEA\240503_TCGA_CPTAC-3_DEA_Output/240503_TCGA_CPTAC-3_NDN_MEDvsHIG
C:\Users\TTUSVM\Documents\TCGA2\240503_TCGA_CPTAC-3_Output\240503_TCGA_CPTAC-3_DEA\240503_TCGA_CPTAC-3_DEA_Input/240503_TCGA_CPTAC-3_NSMCE3_MEDvsHIG_DES.csv,C:\Users\TTUSVM\Documents\TCGA2\240503_TCGA_CPTAC-3_Output\240503_TCGA_CPTAC-3_DEA\240503_TCGA_CPTAC-3_DEA_Input/240503_TCGA_CPTAC-3_NSMCE3_MEDvsHIG_RAW.csv,C:\Users\TTUSVM\Documents\TCGA2\240503_TCGA_CPTAC-3_Output\240503_TCGA_CPTAC-3_DEA\240503_TCGA_CPTAC-3_DEA_Output/240503_TCGA_CPTAC-3_NSMCE3_MEDvsHIG
C:\Users\TTUSVM\Documents\TCGA2\240503_TCGA_CPTAC-3_Output\240503_TCGA_CPTAC-3_DEA\240503_TCGA_CPTAC-3_DEA_Input/240503_TCGA_CPTAC-3_TRIM28_NEGvsPOS_DES.csv,C:\Users\TTUSVM\Documents\TCGA2\240503_TCGA_CPTAC-3_Output\240503_TCGA_CPTAC-3_DEA\240503_TCGA_CPTAC-3_DEA_Input/240503_TCGA_CPTAC-3_TRIM28_NEGvsPOS_RAW.csv,C:\Users\TTUSVM\Documents\TCGA2\240503_TCGA_CPTAC-3_Output\240503_TCGA_CPTAC-3_DEA\240503_TCGA_CPTAC-3_DEA_Output/240503_TCGA_CPTAC-3_TRIM28_NEGvsPOS
C:\Users\TTUSVM\Documents\TCGA2\240503_TCGA_CPTAC-3_Output\240503_TCGA_CPTAC-3_DEA\240503_TCGA_CPTAC-3_DEA_Input/240503_TCGA_CPTAC-3_TRO_MEDvsHIG_DES.csv,C:\Users\TTUSVM\Documents\TCGA2\240503_TCGA_CPTAC-3_Output\240503_TCGA_CPTAC-3_DEA\240503_TCGA_CPTAC-3_DEA_Input/240503_TCGA_CPTAC-3_TRO_MEDvsHIG_RAW.csv,C:\Users\TTUSVM\Documents\TCGA2\240503_TCGA_CPTAC-3_Output\240503_TCGA_CPTAC-3_DEA\240503_TCGA_CPTAC-3_DEA_Output/240503_TCGA_CPTAC-3_TRO_MEDvsHIG
