/home/ttusvm/MyDocuments/TCGA2/240425_TCGA_CPTAC3_Output/240425_TCGA_CPTAC3_DEA/240425_TCGA_CPTAC3_DEA_Input/240425_TCGA_CPTAC3_CSAG1_MEDvsHIG_DES.csv,/home/ttusvm/MyDocuments/TCGA2/240425_TCGA_CPTAC3_Output/240425_TCGA_CPTAC3_DEA/240425_TCGA_CPTAC3_DEA_Input/240425_TCGA_CPTAC3_CSAG1_MEDvsHIG_RAW.csv,/home/ttusvm/MyDocuments/TCGA2/240425_TCGA_CPTAC3_Output/240425_TCGA_CPTAC3_DEA/240425_TCGA_CPTAC3_DEA_Input/240425_TCGA_CPTAC3_CSAG1_MEDvsHIG
/home/ttusvm/MyDocuments/TCGA2/240425_TCGA_CPTAC3_Output/240425_TCGA_CPTAC3_DEA/240425_TCGA_CPTAC3_DEA_Input/240425_TCGA_CPTAC3_CSAG1_NEGvsHIG_DES.csv,/home/ttusvm/MyDocuments/TCGA2/240425_TCGA_CPTAC3_Output/240425_TCGA_CPTAC3_DEA/240425_TCGA_CPTAC3_DEA_Input/240425_TCGA_CPTAC3_CSAG1_NEGvsHIG_RAW.csv,/home/ttusvm/MyDocuments/TCGA2/240425_TCGA_CPTAC3_Output/240425_TCGA_CPTAC3_DEA/240425_TCGA_CPTAC3_DEA_Input/240425_TCGA_CPTAC3_CSAG1_NEGvsHIG
/home/ttusvm/MyDocuments/TCGA2/240425_TCGA_CPTAC3_Output/240425_TCGA_CPTAC3_DEA/240425_TCGA_CPTAC3_DEA_Input/240425_TCGA_CPTAC3_CSAG1_NEGvsMED_DES.csv,/home/ttusvm/MyDocuments/TCGA2/240425_TCGA_CPTAC3_Output/240425_TCGA_CPTAC3_DEA/240425_TCGA_CPTAC3_DEA_Input/240425_TCGA_CPTAC3_CSAG1_NEGvsMED_RAW.csv,/home/ttusvm/MyDocuments/TCGA2/240425_TCGA_CPTAC3_Output/240425_TCGA_CPTAC3_DEA/240425_TCGA_CPTAC3_DEA_Input/240425_TCGA_CPTAC3_CSAG1_NEGvsMED
/home/ttusvm/MyDocuments/TCGA2/240425_TCGA_CPTAC3_Output/240425_TCGA_CPTAC3_DEA/240425_TCGA_CPTAC3_DEA_Input/240425_TCGA_CPTAC3_CSAG2_NEGvsPOS_DES.csv,/home/ttusvm/MyDocuments/TCGA2/240425_TCGA_CPTAC3_Output/240425_TCGA_CPTAC3_DEA/240425_TCGA_CPTAC3_DEA_Input/240425_TCGA_CPTAC3_CSAG2_NEGvsPOS_RAW.csv,/home/ttusvm/MyDocuments/TCGA2/240425_TCGA_CPTAC3_Output/240425_TCGA_CPTAC3_DEA/240425_TCGA_CPTAC3_DEA_Input/240425_TCGA_CPTAC3_CSAG2_NEGvsPOS
/home/ttusvm/MyDocuments/TCGA2/240425_TCGA_CPTAC3_Output/240425_TCGA_CPTAC3_DEA/240425_TCGA_CPTAC3_DEA_Input/240425_TCGA_CPTAC3_CSAG3_MEDvsHIG_DES.csv,/home/ttusvm/MyDocuments/TCGA2/240425_TCGA_CPTAC3_Output/240425_TCGA_CPTAC3_DEA/240425_TCGA_CPTAC3_DEA_Input/240425_TCGA_CPTAC3_CSAG3_MEDvsHIG_RAW.csv,/home/ttusvm/MyDocuments/TCGA2/240425_TCGA_CPTAC3_Output/240425_TCGA_CPTAC3_DEA/240425_TCGA_CPTAC3_DEA_Input/240425_TCGA_CPTAC3_CSAG3_MEDvsHIG
/home/ttusvm/MyDocuments/TCGA2/240425_TCGA_CPTAC3_Output/240425_TCGA_CPTAC3_DEA/240425_TCGA_CPTAC3_DEA_Input/240425_TCGA_CPTAC3_CSAG3_NEGvsHIG_DES.csv,/home/ttusvm/MyDocuments/TCGA2/240425_TCGA_CPTAC3_Output/240425_TCGA_CPTAC3_DEA/240425_TCGA_CPTAC3_DEA_Input/240425_TCGA_CPTAC3_CSAG3_NEGvsHIG_RAW.csv,/home/ttusvm/MyDocuments/TCGA2/240425_TCGA_CPTAC3_Output/240425_TCGA_CPTAC3_DEA/240425_TCGA_CPTAC3_DEA_Input/240425_TCGA_CPTAC3_CSAG3_NEGvsHIG
/home/ttusvm/MyDocuments/TCGA2/240425_TCGA_CPTAC3_Output/240425_TCGA_CPTAC3_DEA/240425_TCGA_CPTAC3_DEA_Input/240425_TCGA_CPTAC3_CSAG3_NEGvsMED_DES.csv,/home/ttusvm/MyDocuments/TCGA2/240425_TCGA_CPTAC3_Output/240425_TCGA_CPTAC3_DEA/240425_TCGA_CPTAC3_DEA_Input/240425_TCGA_CPTAC3_CSAG3_NEGvsMED_RAW.csv,/home/ttusvm/MyDocuments/TCGA2/240425_TCGA_CPTAC3_Output/240425_TCGA_CPTAC3_DEA/240425_TCGA_CPTAC3_DEA_Input/240425_TCGA_CPTAC3_CSAG3_NEGvsMED
/home/ttusvm/MyDocuments/TCGA2/240425_TCGA_CPTAC3_Output/240425_TCGA_CPTAC3_DEA/240425_TCGA_CPTAC3_DEA_Input/240425_TCGA_CPTAC3_CSAG4_NEGvsPOS_DES.csv,/home/ttusvm/MyDocuments/TCGA2/240425_TCGA_CPTAC3_Output/240425_TCGA_CPTAC3_DEA/240425_TCGA_CPTAC3_DEA_Input/240425_TCGA_CPTAC3_CSAG4_NEGvsPOS_RAW.csv,/home/ttusvm/MyDocuments/TCGA2/240425_TCGA_CPTAC3_Output/240425_TCGA_CPTAC3_DEA/240425_TCGA_CPTAC3_DEA_Input/240425_TCGA_CPTAC3_CSAG4_NEGvsPOS
/home/ttusvm/MyDocuments/TCGA2/240425_TCGA_CPTAC3_Output/240425_TCGA_CPTAC3_DEA/240425_TCGA_CPTAC3_DEA_Input/240425_TCGA_CPTAC3_MAGEA10_MEDvsHIG_DES.csv,/home/ttusvm/MyDocuments/TCGA2/240425_TCGA_CPTAC3_Output/240425_TCGA_CPTAC3_DEA/240425_TCGA_CPTAC3_DEA_Input/240425_TCGA_CPTAC3_MAGEA10_MEDvsHIG_RAW.csv,/home/ttusvm/MyDocuments/TCGA2/240425_TCGA_CPTAC3_Output/240425_TCGA_CPTAC3_DEA/240425_TCGA_CPTAC3_DEA_Input/240425_TCGA_CPTAC3_MAGEA10_MEDvsHIG
/home/ttusvm/MyDocuments/TCGA2/240425_TCGA_CPTAC3_Output/240425_TCGA_CPTAC3_DEA/240425_TCGA_CPTAC3_DEA_Input/240425_TCGA_CPTAC3_MAGEA10_NEGvsHIG_DES.csv,/home/ttusvm/MyDocuments/TCGA2/240425_TCGA_CPTAC3_Output/240425_TCGA_CPTAC3_DEA/240425_TCGA_CPTAC3_DEA_Input/240425_TCGA_CPTAC3_MAGEA10_NEGvsHIG_RAW.csv,/home/ttusvm/MyDocuments/TCGA2/240425_TCGA_CPTAC3_Output/240425_TCGA_CPTAC3_DEA/240425_TCGA_CPTAC3_DEA_Input/240425_TCGA_CPTAC3_MAGEA10_NEGvsHIG
/home/ttusvm/MyDocuments/TCGA2/240425_TCGA_CPTAC3_Output/240425_TCGA_CPTAC3_DEA/240425_TCGA_CPTAC3_DEA_Input/240425_TCGA_CPTAC3_MAGEA10_NEGvsMED_DES.csv,/home/ttusvm/MyDocuments/TCGA2/240425_TCGA_CPTAC3_Output/240425_TCGA_CPTAC3_DEA/240425_TCGA_CPTAC3_DEA_Input/240425_TCGA_CPTAC3_MAGEA10_NEGvsMED_RAW.csv,/home/ttusvm/MyDocuments/TCGA2/240425_TCGA_CPTAC3_Output/240425_TCGA_CPTAC3_DEA/240425_TCGA_CPTAC3_DEA_Input/240425_TCGA_CPTAC3_MAGEA10_NEGvsMED
/home/ttusvm/MyDocuments/TCGA2/240425_TCGA_CPTAC3_Output/240425_TCGA_CPTAC3_DEA/240425_TCGA_CPTAC3_DEA_Input/240425_TCGA_CPTAC3_MAGEA11_NEGvsPOS_DES.csv,/home/ttusvm/MyDocuments/TCGA2/240425_TCGA_CPTAC3_Output/240425_TCGA_CPTAC3_DEA/240425_TCGA_CPTAC3_DEA_Input/240425_TCGA_CPTAC3_MAGEA11_NEGvsPOS_RAW.csv,/home/ttusvm/MyDocuments/TCGA2/240425_TCGA_CPTAC3_Output/240425_TCGA_CPTAC3_DEA/240425_TCGA_CPTAC3_DEA_Input/240425_TCGA_CPTAC3_MAGEA11_NEGvsPOS
/home/ttusvm/MyDocuments/TCGA2/240425_TCGA_CPTAC3_Output/240425_TCGA_CPTAC3_DEA/240425_TCGA_CPTAC3_DEA_Input/240425_TCGA_CPTAC3_MAGEA12_MEDvsHIG_DES.csv,/home/ttusvm/MyDocuments/TCGA2/240425_TCGA_CPTAC3_Output/240425_TCGA_CPTAC3_DEA/240425_TCGA_CPTAC3_DEA_Input/240425_TCGA_CPTAC3_MAGEA12_MEDvsHIG_RAW.csv,/home/ttusvm/MyDocuments/TCGA2/240425_TCGA_CPTAC3_Output/240425_TCGA_CPTAC3_DEA/240425_TCGA_CPTAC3_DEA_Input/240425_TCGA_CPTAC3_MAGEA12_MEDvsHIG
/home/ttusvm/MyDocuments/TCGA2/240425_TCGA_CPTAC3_Output/240425_TCGA_CPTAC3_DEA/240425_TCGA_CPTAC3_DEA_Input/240425_TCGA_CPTAC3_MAGEA12_NEGvsHIG_DES.csv,/home/ttusvm/MyDocuments/TCGA2/240425_TCGA_CPTAC3_Output/240425_TCGA_CPTAC3_DEA/240425_TCGA_CPTAC3_DEA_Input/240425_TCGA_CPTAC3_MAGEA12_NEGvsHIG_RAW.csv,/home/ttusvm/MyDocuments/TCGA2/240425_TCGA_CPTAC3_Output/240425_TCGA_CPTAC3_DEA/240425_TCGA_CPTAC3_DEA_Input/240425_TCGA_CPTAC3_MAGEA12_NEGvsHIG
/home/ttusvm/MyDocuments/TCGA2/240425_TCGA_CPTAC3_Output/240425_TCGA_CPTAC3_DEA/240425_TCGA_CPTAC3_DEA_Input/240425_TCGA_CPTAC3_MAGEA12_NEGvsMED_DES.csv,/home/ttusvm/MyDocuments/TCGA2/240425_TCGA_CPTAC3_Output/240425_TCGA_CPTAC3_DEA/240425_TCGA_CPTAC3_DEA_Input/240425_TCGA_CPTAC3_MAGEA12_NEGvsMED_RAW.csv,/home/ttusvm/MyDocuments/TCGA2/240425_TCGA_CPTAC3_Output/240425_TCGA_CPTAC3_DEA/240425_TCGA_CPTAC3_DEA_Input/240425_TCGA_CPTAC3_MAGEA12_NEGvsMED
/home/ttusvm/MyDocuments/TCGA2/240425_TCGA_CPTAC3_Output/240425_TCGA_CPTAC3_DEA/240425_TCGA_CPTAC3_DEA_Input/240425_TCGA_CPTAC3_MAGEA1_MEDvsHIG_DES.csv,/home/ttusvm/MyDocuments/TCGA2/240425_TCGA_CPTAC3_Output/240425_TCGA_CPTAC3_DEA/240425_TCGA_CPTAC3_DEA_Input/240425_TCGA_CPTAC3_MAGEA1_MEDvsHIG_RAW.csv,/home/ttusvm/MyDocuments/TCGA2/240425_TCGA_CPTAC3_Output/240425_TCGA_CPTAC3_DEA/240425_TCGA_CPTAC3_DEA_Input/240425_TCGA_CPTAC3_MAGEA1_MEDvsHIG
/home/ttusvm/MyDocuments/TCGA2/240425_TCGA_CPTAC3_Output/240425_TCGA_CPTAC3_DEA/240425_TCGA_CPTAC3_DEA_Input/240425_TCGA_CPTAC3_MAGEA1_NEGvsHIG_DES.csv,/home/ttusvm/MyDocuments/TCGA2/240425_TCGA_CPTAC3_Output/240425_TCGA_CPTAC3_DEA/240425_TCGA_CPTAC3_DEA_Input/240425_TCGA_CPTAC3_MAGEA1_NEGvsHIG_RAW.csv,/home/ttusvm/MyDocuments/TCGA2/240425_TCGA_CPTAC3_Output/240425_TCGA_CPTAC3_DEA/240425_TCGA_CPTAC3_DEA_Input/240425_TCGA_CPTAC3_MAGEA1_NEGvsHIG
/home/ttusvm/MyDocuments/TCGA2/240425_TCGA_CPTAC3_Output/240425_TCGA_CPTAC3_DEA/240425_TCGA_CPTAC3_DEA_Input/240425_TCGA_CPTAC3_MAGEA1_NEGvsMED_DES.csv,/home/ttusvm/MyDocuments/TCGA2/240425_TCGA_CPTAC3_Output/240425_TCGA_CPTAC3_DEA/240425_TCGA_CPTAC3_DEA_Input/240425_TCGA_CPTAC3_MAGEA1_NEGvsMED_RAW.csv,/home/ttusvm/MyDocuments/TCGA2/240425_TCGA_CPTAC3_Output/240425_TCGA_CPTAC3_DEA/240425_TCGA_CPTAC3_DEA_Input/240425_TCGA_CPTAC3_MAGEA1_NEGvsMED
/home/ttusvm/MyDocuments/TCGA2/240425_TCGA_CPTAC3_Output/240425_TCGA_CPTAC3_DEA/240425_TCGA_CPTAC3_DEA_Input/240425_TCGA_CPTAC3_MAGEA1_NEGvsPOS_DES.csv,/home/ttusvm/MyDocuments/TCGA2/240425_TCGA_CPTAC3_Output/240425_TCGA_CPTAC3_DEA/240425_TCGA_CPTAC3_DEA_Input/240425_TCGA_CPTAC3_MAGEA1_NEGvsPOS_RAW.csv,/home/ttusvm/MyDocuments/TCGA2/240425_TCGA_CPTAC3_Output/240425_TCGA_CPTAC3_DEA/240425_TCGA_CPTAC3_DEA_Input/240425_TCGA_CPTAC3_MAGEA1_NEGvsPOS
/home/ttusvm/MyDocuments/TCGA2/240425_TCGA_CPTAC3_Output/240425_TCGA_CPTAC3_DEA/240425_TCGA_CPTAC3_DEA_Input/240425_TCGA_CPTAC3_MAGEA2B_NEGvsPOS_DES.csv,/home/ttusvm/MyDocuments/TCGA2/240425_TCGA_CPTAC3_Output/240425_TCGA_CPTAC3_DEA/240425_TCGA_CPTAC3_DEA_Input/240425_TCGA_CPTAC3_MAGEA2B_NEGvsPOS_RAW.csv,/home/ttusvm/MyDocuments/TCGA2/240425_TCGA_CPTAC3_Output/240425_TCGA_CPTAC3_DEA/240425_TCGA_CPTAC3_DEA_Input/240425_TCGA_CPTAC3_MAGEA2B_NEGvsPOS
/home/ttusvm/MyDocuments/TCGA2/240425_TCGA_CPTAC3_Output/240425_TCGA_CPTAC3_DEA/240425_TCGA_CPTAC3_DEA_Input/240425_TCGA_CPTAC3_MAGEA2_NEGvsPOS_DES.csv,/home/ttusvm/MyDocuments/TCGA2/240425_TCGA_CPTAC3_Output/240425_TCGA_CPTAC3_DEA/240425_TCGA_CPTAC3_DEA_Input/240425_TCGA_CPTAC3_MAGEA2_NEGvsPOS_RAW.csv,/home/ttusvm/MyDocuments/TCGA2/240425_TCGA_CPTAC3_Output/240425_TCGA_CPTAC3_DEA/240425_TCGA_CPTAC3_DEA_Input/240425_TCGA_CPTAC3_MAGEA2_NEGvsPOS
/home/ttusvm/MyDocuments/TCGA2/240425_TCGA_CPTAC3_Output/240425_TCGA_CPTAC3_DEA/240425_TCGA_CPTAC3_DEA_Input/240425_TCGA_CPTAC3_MAGEA3_MEDvsHIG_DES.csv,/home/ttusvm/MyDocuments/TCGA2/240425_TCGA_CPTAC3_Output/240425_TCGA_CPTAC3_DEA/240425_TCGA_CPTAC3_DEA_Input/240425_TCGA_CPTAC3_MAGEA3_MEDvsHIG_RAW.csv,/home/ttusvm/MyDocuments/TCGA2/240425_TCGA_CPTAC3_Output/240425_TCGA_CPTAC3_DEA/240425_TCGA_CPTAC3_DEA_Input/240425_TCGA_CPTAC3_MAGEA3_MEDvsHIG
/home/ttusvm/MyDocuments/TCGA2/240425_TCGA_CPTAC3_Output/240425_TCGA_CPTAC3_DEA/240425_TCGA_CPTAC3_DEA_Input/240425_TCGA_CPTAC3_MAGEA3_NEGvsHIG_DES.csv,/home/ttusvm/MyDocuments/TCGA2/240425_TCGA_CPTAC3_Output/240425_TCGA_CPTAC3_DEA/240425_TCGA_CPTAC3_DEA_Input/240425_TCGA_CPTAC3_MAGEA3_NEGvsHIG_RAW.csv,/home/ttusvm/MyDocuments/TCGA2/240425_TCGA_CPTAC3_Output/240425_TCGA_CPTAC3_DEA/240425_TCGA_CPTAC3_DEA_Input/240425_TCGA_CPTAC3_MAGEA3_NEGvsHIG
/home/ttusvm/MyDocuments/TCGA2/240425_TCGA_CPTAC3_Output/240425_TCGA_CPTAC3_DEA/240425_TCGA_CPTAC3_DEA_Input/240425_TCGA_CPTAC3_MAGEA3_NEGvsMED_DES.csv,/home/ttusvm/MyDocuments/TCGA2/240425_TCGA_CPTAC3_Output/240425_TCGA_CPTAC3_DEA/240425_TCGA_CPTAC3_DEA_Input/240425_TCGA_CPTAC3_MAGEA3_NEGvsMED_RAW.csv,/home/ttusvm/MyDocuments/TCGA2/240425_TCGA_CPTAC3_Output/240425_TCGA_CPTAC3_DEA/240425_TCGA_CPTAC3_DEA_Input/240425_TCGA_CPTAC3_MAGEA3_NEGvsMED
/home/ttusvm/MyDocuments/TCGA2/240425_TCGA_CPTAC3_Output/240425_TCGA_CPTAC3_DEA/240425_TCGA_CPTAC3_DEA_Input/240425_TCGA_CPTAC3_MAGEA4_MEDvsHIG_DES.csv,/home/ttusvm/MyDocuments/TCGA2/240425_TCGA_CPTAC3_Output/240425_TCGA_CPTAC3_DEA/240425_TCGA_CPTAC3_DEA_Input/240425_TCGA_CPTAC3_MAGEA4_MEDvsHIG_RAW.csv,/home/ttusvm/MyDocuments/TCGA2/240425_TCGA_CPTAC3_Output/240425_TCGA_CPTAC3_DEA/240425_TCGA_CPTAC3_DEA_Input/240425_TCGA_CPTAC3_MAGEA4_MEDvsHIG
/home/ttusvm/MyDocuments/TCGA2/240425_TCGA_CPTAC3_Output/240425_TCGA_CPTAC3_DEA/240425_TCGA_CPTAC3_DEA_Input/240425_TCGA_CPTAC3_MAGEA4_NEGvsHIG_DES.csv,/home/ttusvm/MyDocuments/TCGA2/240425_TCGA_CPTAC3_Output/240425_TCGA_CPTAC3_DEA/240425_TCGA_CPTAC3_DEA_Input/240425_TCGA_CPTAC3_MAGEA4_NEGvsHIG_RAW.csv,/home/ttusvm/MyDocuments/TCGA2/240425_TCGA_CPTAC3_Output/240425_TCGA_CPTAC3_DEA/240425_TCGA_CPTAC3_DEA_Input/240425_TCGA_CPTAC3_MAGEA4_NEGvsHIG
/home/ttusvm/MyDocuments/TCGA2/240425_TCGA_CPTAC3_Output/240425_TCGA_CPTAC3_DEA/240425_TCGA_CPTAC3_DEA_Input/240425_TCGA_CPTAC3_MAGEA4_NEGvsMED_DES.csv,/home/ttusvm/MyDocuments/TCGA2/240425_TCGA_CPTAC3_Output/240425_TCGA_CPTAC3_DEA/240425_TCGA_CPTAC3_DEA_Input/240425_TCGA_CPTAC3_MAGEA4_NEGvsMED_RAW.csv,/home/ttusvm/MyDocuments/TCGA2/240425_TCGA_CPTAC3_Output/240425_TCGA_CPTAC3_DEA/240425_TCGA_CPTAC3_DEA_Input/240425_TCGA_CPTAC3_MAGEA4_NEGvsMED
/home/ttusvm/MyDocuments/TCGA2/240425_TCGA_CPTAC3_Output/240425_TCGA_CPTAC3_DEA/240425_TCGA_CPTAC3_DEA_Input/240425_TCGA_CPTAC3_MAGEA5_MEDvsHIG_DES.csv,/home/ttusvm/MyDocuments/TCGA2/240425_TCGA_CPTAC3_Output/240425_TCGA_CPTAC3_DEA/240425_TCGA_CPTAC3_DEA_Input/240425_TCGA_CPTAC3_MAGEA5_MEDvsHIG_RAW.csv,/home/ttusvm/MyDocuments/TCGA2/240425_TCGA_CPTAC3_Output/240425_TCGA_CPTAC3_DEA/240425_TCGA_CPTAC3_DEA_Input/240425_TCGA_CPTAC3_MAGEA5_MEDvsHIG
/home/ttusvm/MyDocuments/TCGA2/240425_TCGA_CPTAC3_Output/240425_TCGA_CPTAC3_DEA/240425_TCGA_CPTAC3_DEA_Input/240425_TCGA_CPTAC3_MAGEA5_NEGvsHIG_DES.csv,/home/ttusvm/MyDocuments/TCGA2/240425_TCGA_CPTAC3_Output/240425_TCGA_CPTAC3_DEA/240425_TCGA_CPTAC3_DEA_Input/240425_TCGA_CPTAC3_MAGEA5_NEGvsHIG_RAW.csv,/home/ttusvm/MyDocuments/TCGA2/240425_TCGA_CPTAC3_Output/240425_TCGA_CPTAC3_DEA/240425_TCGA_CPTAC3_DEA_Input/240425_TCGA_CPTAC3_MAGEA5_NEGvsHIG
/home/ttusvm/MyDocuments/TCGA2/240425_TCGA_CPTAC3_Output/240425_TCGA_CPTAC3_DEA/240425_TCGA_CPTAC3_DEA_Input/240425_TCGA_CPTAC3_MAGEA5_NEGvsMED_DES.csv,/home/ttusvm/MyDocuments/TCGA2/240425_TCGA_CPTAC3_Output/240425_TCGA_CPTAC3_DEA/240425_TCGA_CPTAC3_DEA_Input/240425_TCGA_CPTAC3_MAGEA5_NEGvsMED_RAW.csv,/home/ttusvm/MyDocuments/TCGA2/240425_TCGA_CPTAC3_Output/240425_TCGA_CPTAC3_DEA/240425_TCGA_CPTAC3_DEA_Input/240425_TCGA_CPTAC3_MAGEA5_NEGvsMED
/home/ttusvm/MyDocuments/TCGA2/240425_TCGA_CPTAC3_Output/240425_TCGA_CPTAC3_DEA/240425_TCGA_CPTAC3_DEA_Input/240425_TCGA_CPTAC3_MAGEA6_MEDvsHIG_DES.csv,/home/ttusvm/MyDocuments/TCGA2/240425_TCGA_CPTAC3_Output/240425_TCGA_CPTAC3_DEA/240425_TCGA_CPTAC3_DEA_Input/240425_TCGA_CPTAC3_MAGEA6_MEDvsHIG_RAW.csv,/home/ttusvm/MyDocuments/TCGA2/240425_TCGA_CPTAC3_Output/240425_TCGA_CPTAC3_DEA/240425_TCGA_CPTAC3_DEA_Input/240425_TCGA_CPTAC3_MAGEA6_MEDvsHIG
/home/ttusvm/MyDocuments/TCGA2/240425_TCGA_CPTAC3_Output/240425_TCGA_CPTAC3_DEA/240425_TCGA_CPTAC3_DEA_Input/240425_TCGA_CPTAC3_MAGEA6_NEGvsHIG_DES.csv,/home/ttusvm/MyDocuments/TCGA2/240425_TCGA_CPTAC3_Output/240425_TCGA_CPTAC3_DEA/240425_TCGA_CPTAC3_DEA_Input/240425_TCGA_CPTAC3_MAGEA6_NEGvsHIG_RAW.csv,/home/ttusvm/MyDocuments/TCGA2/240425_TCGA_CPTAC3_Output/240425_TCGA_CPTAC3_DEA/240425_TCGA_CPTAC3_DEA_Input/240425_TCGA_CPTAC3_MAGEA6_NEGvsHIG
/home/ttusvm/MyDocuments/TCGA2/240425_TCGA_CPTAC3_Output/240425_TCGA_CPTAC3_DEA/240425_TCGA_CPTAC3_DEA_Input/240425_TCGA_CPTAC3_MAGEA6_NEGvsMED_DES.csv,/home/ttusvm/MyDocuments/TCGA2/240425_TCGA_CPTAC3_Output/240425_TCGA_CPTAC3_DEA/240425_TCGA_CPTAC3_DEA_Input/240425_TCGA_CPTAC3_MAGEA6_NEGvsMED_RAW.csv,/home/ttusvm/MyDocuments/TCGA2/240425_TCGA_CPTAC3_Output/240425_TCGA_CPTAC3_DEA/240425_TCGA_CPTAC3_DEA_Input/240425_TCGA_CPTAC3_MAGEA6_NEGvsMED
/home/ttusvm/MyDocuments/TCGA2/240425_TCGA_CPTAC3_Output/240425_TCGA_CPTAC3_DEA/240425_TCGA_CPTAC3_DEA_Input/240425_TCGA_CPTAC3_MAGEA7P_NEGvsPOS_DES.csv,/home/ttusvm/MyDocuments/TCGA2/240425_TCGA_CPTAC3_Output/240425_TCGA_CPTAC3_DEA/240425_TCGA_CPTAC3_DEA_Input/240425_TCGA_CPTAC3_MAGEA7P_NEGvsPOS_RAW.csv,/home/ttusvm/MyDocuments/TCGA2/240425_TCGA_CPTAC3_Output/240425_TCGA_CPTAC3_DEA/240425_TCGA_CPTAC3_DEA_Input/240425_TCGA_CPTAC3_MAGEA7P_NEGvsPOS
/home/ttusvm/MyDocuments/TCGA2/240425_TCGA_CPTAC3_Output/240425_TCGA_CPTAC3_DEA/240425_TCGA_CPTAC3_DEA_Input/240425_TCGA_CPTAC3_MAGEA8_NEGvsPOS_DES.csv,/home/ttusvm/MyDocuments/TCGA2/240425_TCGA_CPTAC3_Output/240425_TCGA_CPTAC3_DEA/240425_TCGA_CPTAC3_DEA_Input/240425_TCGA_CPTAC3_MAGEA8_NEGvsPOS_RAW.csv,/home/ttusvm/MyDocuments/TCGA2/240425_TCGA_CPTAC3_Output/240425_TCGA_CPTAC3_DEA/240425_TCGA_CPTAC3_DEA_Input/240425_TCGA_CPTAC3_MAGEA8_NEGvsPOS
/home/ttusvm/MyDocuments/TCGA2/240425_TCGA_CPTAC3_Output/240425_TCGA_CPTAC3_DEA/240425_TCGA_CPTAC3_DEA_Input/240425_TCGA_CPTAC3_MAGEA9B_MEDvsHIG_DES.csv,/home/ttusvm/MyDocuments/TCGA2/240425_TCGA_CPTAC3_Output/240425_TCGA_CPTAC3_DEA/240425_TCGA_CPTAC3_DEA_Input/240425_TCGA_CPTAC3_MAGEA9B_MEDvsHIG_RAW.csv,/home/ttusvm/MyDocuments/TCGA2/240425_TCGA_CPTAC3_Output/240425_TCGA_CPTAC3_DEA/240425_TCGA_CPTAC3_DEA_Input/240425_TCGA_CPTAC3_MAGEA9B_MEDvsHIG
/home/ttusvm/MyDocuments/TCGA2/240425_TCGA_CPTAC3_Output/240425_TCGA_CPTAC3_DEA/240425_TCGA_CPTAC3_DEA_Input/240425_TCGA_CPTAC3_MAGEA9B_NEGvsHIG_DES.csv,/home/ttusvm/MyDocuments/TCGA2/240425_TCGA_CPTAC3_Output/240425_TCGA_CPTAC3_DEA/240425_TCGA_CPTAC3_DEA_Input/240425_TCGA_CPTAC3_MAGEA9B_NEGvsHIG_RAW.csv,/home/ttusvm/MyDocuments/TCGA2/240425_TCGA_CPTAC3_Output/240425_TCGA_CPTAC3_DEA/240425_TCGA_CPTAC3_DEA_Input/240425_TCGA_CPTAC3_MAGEA9B_NEGvsHIG
/home/ttusvm/MyDocuments/TCGA2/240425_TCGA_CPTAC3_Output/240425_TCGA_CPTAC3_DEA/240425_TCGA_CPTAC3_DEA_Input/240425_TCGA_CPTAC3_MAGEA9B_NEGvsMED_DES.csv,/home/ttusvm/MyDocuments/TCGA2/240425_TCGA_CPTAC3_Output/240425_TCGA_CPTAC3_DEA/240425_TCGA_CPTAC3_DEA_Input/240425_TCGA_CPTAC3_MAGEA9B_NEGvsMED_RAW.csv,/home/ttusvm/MyDocuments/TCGA2/240425_TCGA_CPTAC3_Output/240425_TCGA_CPTAC3_DEA/240425_TCGA_CPTAC3_DEA_Input/240425_TCGA_CPTAC3_MAGEA9B_NEGvsMED
/home/ttusvm/MyDocuments/TCGA2/240425_TCGA_CPTAC3_Output/240425_TCGA_CPTAC3_DEA/240425_TCGA_CPTAC3_DEA_Input/240425_TCGA_CPTAC3_MAGEA9_NEGvsPOS_DES.csv,/home/ttusvm/MyDocuments/TCGA2/240425_TCGA_CPTAC3_Output/240425_TCGA_CPTAC3_DEA/240425_TCGA_CPTAC3_DEA_Input/240425_TCGA_CPTAC3_MAGEA9_NEGvsPOS_RAW.csv,/home/ttusvm/MyDocuments/TCGA2/240425_TCGA_CPTAC3_Output/240425_TCGA_CPTAC3_DEA/240425_TCGA_CPTAC3_DEA_Input/240425_TCGA_CPTAC3_MAGEA9_NEGvsPOS
/home/ttusvm/MyDocuments/TCGA2/240425_TCGA_CPTAC3_Output/240425_TCGA_CPTAC3_DEA/240425_TCGA_CPTAC3_DEA_Input/240425_TCGA_CPTAC3_MAGEB10_NEGvsPOS_DES.csv,/home/ttusvm/MyDocuments/TCGA2/240425_TCGA_CPTAC3_Output/240425_TCGA_CPTAC3_DEA/240425_TCGA_CPTAC3_DEA_Input/240425_TCGA_CPTAC3_MAGEB10_NEGvsPOS_RAW.csv,/home/ttusvm/MyDocuments/TCGA2/240425_TCGA_CPTAC3_Output/240425_TCGA_CPTAC3_DEA/240425_TCGA_CPTAC3_DEA_Input/240425_TCGA_CPTAC3_MAGEB10_NEGvsPOS
/home/ttusvm/MyDocuments/TCGA2/240425_TCGA_CPTAC3_Output/240425_TCGA_CPTAC3_DEA/240425_TCGA_CPTAC3_DEA_Input/240425_TCGA_CPTAC3_MAGEB16_NEGvsPOS_DES.csv,/home/ttusvm/MyDocuments/TCGA2/240425_TCGA_CPTAC3_Output/240425_TCGA_CPTAC3_DEA/240425_TCGA_CPTAC3_DEA_Input/240425_TCGA_CPTAC3_MAGEB16_NEGvsPOS_RAW.csv,/home/ttusvm/MyDocuments/TCGA2/240425_TCGA_CPTAC3_Output/240425_TCGA_CPTAC3_DEA/240425_TCGA_CPTAC3_DEA_Input/240425_TCGA_CPTAC3_MAGEB16_NEGvsPOS
/home/ttusvm/MyDocuments/TCGA2/240425_TCGA_CPTAC3_Output/240425_TCGA_CPTAC3_DEA/240425_TCGA_CPTAC3_DEA_Input/240425_TCGA_CPTAC3_MAGEB17_MEDvsHIG_DES.csv,/home/ttusvm/MyDocuments/TCGA2/240425_TCGA_CPTAC3_Output/240425_TCGA_CPTAC3_DEA/240425_TCGA_CPTAC3_DEA_Input/240425_TCGA_CPTAC3_MAGEB17_MEDvsHIG_RAW.csv,/home/ttusvm/MyDocuments/TCGA2/240425_TCGA_CPTAC3_Output/240425_TCGA_CPTAC3_DEA/240425_TCGA_CPTAC3_DEA_Input/240425_TCGA_CPTAC3_MAGEB17_MEDvsHIG
/home/ttusvm/MyDocuments/TCGA2/240425_TCGA_CPTAC3_Output/240425_TCGA_CPTAC3_DEA/240425_TCGA_CPTAC3_DEA_Input/240425_TCGA_CPTAC3_MAGEB17_NEGvsHIG_DES.csv,/home/ttusvm/MyDocuments/TCGA2/240425_TCGA_CPTAC3_Output/240425_TCGA_CPTAC3_DEA/240425_TCGA_CPTAC3_DEA_Input/240425_TCGA_CPTAC3_MAGEB17_NEGvsHIG_RAW.csv,/home/ttusvm/MyDocuments/TCGA2/240425_TCGA_CPTAC3_Output/240425_TCGA_CPTAC3_DEA/240425_TCGA_CPTAC3_DEA_Input/240425_TCGA_CPTAC3_MAGEB17_NEGvsHIG
/home/ttusvm/MyDocuments/TCGA2/240425_TCGA_CPTAC3_Output/240425_TCGA_CPTAC3_DEA/240425_TCGA_CPTAC3_DEA_Input/240425_TCGA_CPTAC3_MAGEB17_NEGvsMED_DES.csv,/home/ttusvm/MyDocuments/TCGA2/240425_TCGA_CPTAC3_Output/240425_TCGA_CPTAC3_DEA/240425_TCGA_CPTAC3_DEA_Input/240425_TCGA_CPTAC3_MAGEB17_NEGvsMED_RAW.csv,/home/ttusvm/MyDocuments/TCGA2/240425_TCGA_CPTAC3_Output/240425_TCGA_CPTAC3_DEA/240425_TCGA_CPTAC3_DEA_Input/240425_TCGA_CPTAC3_MAGEB17_NEGvsMED
/home/ttusvm/MyDocuments/TCGA2/240425_TCGA_CPTAC3_Output/240425_TCGA_CPTAC3_DEA/240425_TCGA_CPTAC3_DEA_Input/240425_TCGA_CPTAC3_MAGEB18_NEGvsPOS_DES.csv,/home/ttusvm/MyDocuments/TCGA2/240425_TCGA_CPTAC3_Output/240425_TCGA_CPTAC3_DEA/240425_TCGA_CPTAC3_DEA_Input/240425_TCGA_CPTAC3_MAGEB18_NEGvsPOS_RAW.csv,/home/ttusvm/MyDocuments/TCGA2/240425_TCGA_CPTAC3_Output/240425_TCGA_CPTAC3_DEA/240425_TCGA_CPTAC3_DEA_Input/240425_TCGA_CPTAC3_MAGEB18_NEGvsPOS
/home/ttusvm/MyDocuments/TCGA2/240425_TCGA_CPTAC3_Output/240425_TCGA_CPTAC3_DEA/240425_TCGA_CPTAC3_DEA_Input/240425_TCGA_CPTAC3_MAGEB1_NEGvsPOS_DES.csv,/home/ttusvm/MyDocuments/TCGA2/240425_TCGA_CPTAC3_Output/240425_TCGA_CPTAC3_DEA/240425_TCGA_CPTAC3_DEA_Input/240425_TCGA_CPTAC3_MAGEB1_NEGvsPOS_RAW.csv,/home/ttusvm/MyDocuments/TCGA2/240425_TCGA_CPTAC3_Output/240425_TCGA_CPTAC3_DEA/240425_TCGA_CPTAC3_DEA_Input/240425_TCGA_CPTAC3_MAGEB1_NEGvsPOS
/home/ttusvm/MyDocuments/TCGA2/240425_TCGA_CPTAC3_Output/240425_TCGA_CPTAC3_DEA/240425_TCGA_CPTAC3_DEA_Input/240425_TCGA_CPTAC3_MAGEB2_MEDvsHIG_DES.csv,/home/ttusvm/MyDocuments/TCGA2/240425_TCGA_CPTAC3_Output/240425_TCGA_CPTAC3_DEA/240425_TCGA_CPTAC3_DEA_Input/240425_TCGA_CPTAC3_MAGEB2_MEDvsHIG_RAW.csv,/home/ttusvm/MyDocuments/TCGA2/240425_TCGA_CPTAC3_Output/240425_TCGA_CPTAC3_DEA/240425_TCGA_CPTAC3_DEA_Input/240425_TCGA_CPTAC3_MAGEB2_MEDvsHIG
/home/ttusvm/MyDocuments/TCGA2/240425_TCGA_CPTAC3_Output/240425_TCGA_CPTAC3_DEA/240425_TCGA_CPTAC3_DEA_Input/240425_TCGA_CPTAC3_MAGEB2_NEGvsHIG_DES.csv,/home/ttusvm/MyDocuments/TCGA2/240425_TCGA_CPTAC3_Output/240425_TCGA_CPTAC3_DEA/240425_TCGA_CPTAC3_DEA_Input/240425_TCGA_CPTAC3_MAGEB2_NEGvsHIG_RAW.csv,/home/ttusvm/MyDocuments/TCGA2/240425_TCGA_CPTAC3_Output/240425_TCGA_CPTAC3_DEA/240425_TCGA_CPTAC3_DEA_Input/240425_TCGA_CPTAC3_MAGEB2_NEGvsHIG
/home/ttusvm/MyDocuments/TCGA2/240425_TCGA_CPTAC3_Output/240425_TCGA_CPTAC3_DEA/240425_TCGA_CPTAC3_DEA_Input/240425_TCGA_CPTAC3_MAGEB2_NEGvsMED_DES.csv,/home/ttusvm/MyDocuments/TCGA2/240425_TCGA_CPTAC3_Output/240425_TCGA_CPTAC3_DEA/240425_TCGA_CPTAC3_DEA_Input/240425_TCGA_CPTAC3_MAGEB2_NEGvsMED_RAW.csv,/home/ttusvm/MyDocuments/TCGA2/240425_TCGA_CPTAC3_Output/240425_TCGA_CPTAC3_DEA/240425_TCGA_CPTAC3_DEA_Input/240425_TCGA_CPTAC3_MAGEB2_NEGvsMED
/home/ttusvm/MyDocuments/TCGA2/240425_TCGA_CPTAC3_Output/240425_TCGA_CPTAC3_DEA/240425_TCGA_CPTAC3_DEA_Input/240425_TCGA_CPTAC3_MAGEB3_NEGvsPOS_DES.csv,/home/ttusvm/MyDocuments/TCGA2/240425_TCGA_CPTAC3_Output/240425_TCGA_CPTAC3_DEA/240425_TCGA_CPTAC3_DEA_Input/240425_TCGA_CPTAC3_MAGEB3_NEGvsPOS_RAW.csv,/home/ttusvm/MyDocuments/TCGA2/240425_TCGA_CPTAC3_Output/240425_TCGA_CPTAC3_DEA/240425_TCGA_CPTAC3_DEA_Input/240425_TCGA_CPTAC3_MAGEB3_NEGvsPOS
/home/ttusvm/MyDocuments/TCGA2/240425_TCGA_CPTAC3_Output/240425_TCGA_CPTAC3_DEA/240425_TCGA_CPTAC3_DEA_Input/240425_TCGA_CPTAC3_MAGEB4_NEGvsPOS_DES.csv,/home/ttusvm/MyDocuments/TCGA2/240425_TCGA_CPTAC3_Output/240425_TCGA_CPTAC3_DEA/240425_TCGA_CPTAC3_DEA_Input/240425_TCGA_CPTAC3_MAGEB4_NEGvsPOS_RAW.csv,/home/ttusvm/MyDocuments/TCGA2/240425_TCGA_CPTAC3_Output/240425_TCGA_CPTAC3_DEA/240425_TCGA_CPTAC3_DEA_Input/240425_TCGA_CPTAC3_MAGEB4_NEGvsPOS
/home/ttusvm/MyDocuments/TCGA2/240425_TCGA_CPTAC3_Output/240425_TCGA_CPTAC3_DEA/240425_TCGA_CPTAC3_DEA_Input/240425_TCGA_CPTAC3_MAGEB5_MEDvsHIG_DES.csv,/home/ttusvm/MyDocuments/TCGA2/240425_TCGA_CPTAC3_Output/240425_TCGA_CPTAC3_DEA/240425_TCGA_CPTAC3_DEA_Input/240425_TCGA_CPTAC3_MAGEB5_MEDvsHIG_RAW.csv,/home/ttusvm/MyDocuments/TCGA2/240425_TCGA_CPTAC3_Output/240425_TCGA_CPTAC3_DEA/240425_TCGA_CPTAC3_DEA_Input/240425_TCGA_CPTAC3_MAGEB5_MEDvsHIG
/home/ttusvm/MyDocuments/TCGA2/240425_TCGA_CPTAC3_Output/240425_TCGA_CPTAC3_DEA/240425_TCGA_CPTAC3_DEA_Input/240425_TCGA_CPTAC3_MAGEB5_NEGvsHIG_DES.csv,/home/ttusvm/MyDocuments/TCGA2/240425_TCGA_CPTAC3_Output/240425_TCGA_CPTAC3_DEA/240425_TCGA_CPTAC3_DEA_Input/240425_TCGA_CPTAC3_MAGEB5_NEGvsHIG_RAW.csv,/home/ttusvm/MyDocuments/TCGA2/240425_TCGA_CPTAC3_Output/240425_TCGA_CPTAC3_DEA/240425_TCGA_CPTAC3_DEA_Input/240425_TCGA_CPTAC3_MAGEB5_NEGvsHIG
/home/ttusvm/MyDocuments/TCGA2/240425_TCGA_CPTAC3_Output/240425_TCGA_CPTAC3_DEA/240425_TCGA_CPTAC3_DEA_Input/240425_TCGA_CPTAC3_MAGEB5_NEGvsMED_DES.csv,/home/ttusvm/MyDocuments/TCGA2/240425_TCGA_CPTAC3_Output/240425_TCGA_CPTAC3_DEA/240425_TCGA_CPTAC3_DEA_Input/240425_TCGA_CPTAC3_MAGEB5_NEGvsMED_RAW.csv,/home/ttusvm/MyDocuments/TCGA2/240425_TCGA_CPTAC3_Output/240425_TCGA_CPTAC3_DEA/240425_TCGA_CPTAC3_DEA_Input/240425_TCGA_CPTAC3_MAGEB5_NEGvsMED
/home/ttusvm/MyDocuments/TCGA2/240425_TCGA_CPTAC3_Output/240425_TCGA_CPTAC3_DEA/240425_TCGA_CPTAC3_DEA_Input/240425_TCGA_CPTAC3_MAGEB6_NEGvsPOS_DES.csv,/home/ttusvm/MyDocuments/TCGA2/240425_TCGA_CPTAC3_Output/240425_TCGA_CPTAC3_DEA/240425_TCGA_CPTAC3_DEA_Input/240425_TCGA_CPTAC3_MAGEB6_NEGvsPOS_RAW.csv,/home/ttusvm/MyDocuments/TCGA2/240425_TCGA_CPTAC3_Output/240425_TCGA_CPTAC3_DEA/240425_TCGA_CPTAC3_DEA_Input/240425_TCGA_CPTAC3_MAGEB6_NEGvsPOS
/home/ttusvm/MyDocuments/TCGA2/240425_TCGA_CPTAC3_Output/240425_TCGA_CPTAC3_DEA/240425_TCGA_CPTAC3_DEA_Input/240425_TCGA_CPTAC3_MAGEC1_NEGvsPOS_DES.csv,/home/ttusvm/MyDocuments/TCGA2/240425_TCGA_CPTAC3_Output/240425_TCGA_CPTAC3_DEA/240425_TCGA_CPTAC3_DEA_Input/240425_TCGA_CPTAC3_MAGEC1_NEGvsPOS_RAW.csv,/home/ttusvm/MyDocuments/TCGA2/240425_TCGA_CPTAC3_Output/240425_TCGA_CPTAC3_DEA/240425_TCGA_CPTAC3_DEA_Input/240425_TCGA_CPTAC3_MAGEC1_NEGvsPOS
/home/ttusvm/MyDocuments/TCGA2/240425_TCGA_CPTAC3_Output/240425_TCGA_CPTAC3_DEA/240425_TCGA_CPTAC3_DEA_Input/240425_TCGA_CPTAC3_MAGEC2_MEDvsHIG_DES.csv,/home/ttusvm/MyDocuments/TCGA2/240425_TCGA_CPTAC3_Output/240425_TCGA_CPTAC3_DEA/240425_TCGA_CPTAC3_DEA_Input/240425_TCGA_CPTAC3_MAGEC2_MEDvsHIG_RAW.csv,/home/ttusvm/MyDocuments/TCGA2/240425_TCGA_CPTAC3_Output/240425_TCGA_CPTAC3_DEA/240425_TCGA_CPTAC3_DEA_Input/240425_TCGA_CPTAC3_MAGEC2_MEDvsHIG
/home/ttusvm/MyDocuments/TCGA2/240425_TCGA_CPTAC3_Output/240425_TCGA_CPTAC3_DEA/240425_TCGA_CPTAC3_DEA_Input/240425_TCGA_CPTAC3_MAGEC2_NEGvsHIG_DES.csv,/home/ttusvm/MyDocuments/TCGA2/240425_TCGA_CPTAC3_Output/240425_TCGA_CPTAC3_DEA/240425_TCGA_CPTAC3_DEA_Input/240425_TCGA_CPTAC3_MAGEC2_NEGvsHIG_RAW.csv,/home/ttusvm/MyDocuments/TCGA2/240425_TCGA_CPTAC3_Output/240425_TCGA_CPTAC3_DEA/240425_TCGA_CPTAC3_DEA_Input/240425_TCGA_CPTAC3_MAGEC2_NEGvsHIG
/home/ttusvm/MyDocuments/TCGA2/240425_TCGA_CPTAC3_Output/240425_TCGA_CPTAC3_DEA/240425_TCGA_CPTAC3_DEA_Input/240425_TCGA_CPTAC3_MAGEC2_NEGvsMED_DES.csv,/home/ttusvm/MyDocuments/TCGA2/240425_TCGA_CPTAC3_Output/240425_TCGA_CPTAC3_DEA/240425_TCGA_CPTAC3_DEA_Input/240425_TCGA_CPTAC3_MAGEC2_NEGvsMED_RAW.csv,/home/ttusvm/MyDocuments/TCGA2/240425_TCGA_CPTAC3_Output/240425_TCGA_CPTAC3_DEA/240425_TCGA_CPTAC3_DEA_Input/240425_TCGA_CPTAC3_MAGEC2_NEGvsMED
/home/ttusvm/MyDocuments/TCGA2/240425_TCGA_CPTAC3_Output/240425_TCGA_CPTAC3_DEA/240425_TCGA_CPTAC3_DEA_Input/240425_TCGA_CPTAC3_MAGEC3_NEGvsPOS_DES.csv,/home/ttusvm/MyDocuments/TCGA2/240425_TCGA_CPTAC3_Output/240425_TCGA_CPTAC3_DEA/240425_TCGA_CPTAC3_DEA_Input/240425_TCGA_CPTAC3_MAGEC3_NEGvsPOS_RAW.csv,/home/ttusvm/MyDocuments/TCGA2/240425_TCGA_CPTAC3_Output/240425_TCGA_CPTAC3_DEA/240425_TCGA_CPTAC3_DEA_Input/240425_TCGA_CPTAC3_MAGEC3_NEGvsPOS
/home/ttusvm/MyDocuments/TCGA2/240425_TCGA_CPTAC3_Output/240425_TCGA_CPTAC3_DEA/240425_TCGA_CPTAC3_DEA_Input/240425_TCGA_CPTAC3_MAGED1_NEGvsPOS_DES.csv,/home/ttusvm/MyDocuments/TCGA2/240425_TCGA_CPTAC3_Output/240425_TCGA_CPTAC3_DEA/240425_TCGA_CPTAC3_DEA_Input/240425_TCGA_CPTAC3_MAGED1_NEGvsPOS_RAW.csv,/home/ttusvm/MyDocuments/TCGA2/240425_TCGA_CPTAC3_Output/240425_TCGA_CPTAC3_DEA/240425_TCGA_CPTAC3_DEA_Input/240425_TCGA_CPTAC3_MAGED1_NEGvsPOS
/home/ttusvm/MyDocuments/TCGA2/240425_TCGA_CPTAC3_Output/240425_TCGA_CPTAC3_DEA/240425_TCGA_CPTAC3_DEA_Input/240425_TCGA_CPTAC3_MAGED2_MEDvsHIG_DES.csv,/home/ttusvm/MyDocuments/TCGA2/240425_TCGA_CPTAC3_Output/240425_TCGA_CPTAC3_DEA/240425_TCGA_CPTAC3_DEA_Input/240425_TCGA_CPTAC3_MAGED2_MEDvsHIG_RAW.csv,/home/ttusvm/MyDocuments/TCGA2/240425_TCGA_CPTAC3_Output/240425_TCGA_CPTAC3_DEA/240425_TCGA_CPTAC3_DEA_Input/240425_TCGA_CPTAC3_MAGED2_MEDvsHIG
/home/ttusvm/MyDocuments/TCGA2/240425_TCGA_CPTAC3_Output/240425_TCGA_CPTAC3_DEA/240425_TCGA_CPTAC3_DEA_Input/240425_TCGA_CPTAC3_MAGED4B_NEGvsPOS_DES.csv,/home/ttusvm/MyDocuments/TCGA2/240425_TCGA_CPTAC3_Output/240425_TCGA_CPTAC3_DEA/240425_TCGA_CPTAC3_DEA_Input/240425_TCGA_CPTAC3_MAGED4B_NEGvsPOS_RAW.csv,/home/ttusvm/MyDocuments/TCGA2/240425_TCGA_CPTAC3_Output/240425_TCGA_CPTAC3_DEA/240425_TCGA_CPTAC3_DEA_Input/240425_TCGA_CPTAC3_MAGED4B_NEGvsPOS
/home/ttusvm/MyDocuments/TCGA2/240425_TCGA_CPTAC3_Output/240425_TCGA_CPTAC3_DEA/240425_TCGA_CPTAC3_DEA_Input/240425_TCGA_CPTAC3_MAGED4_MEDvsHIG_DES.csv,/home/ttusvm/MyDocuments/TCGA2/240425_TCGA_CPTAC3_Output/240425_TCGA_CPTAC3_DEA/240425_TCGA_CPTAC3_DEA_Input/240425_TCGA_CPTAC3_MAGED4_MEDvsHIG_RAW.csv,/home/ttusvm/MyDocuments/TCGA2/240425_TCGA_CPTAC3_Output/240425_TCGA_CPTAC3_DEA/240425_TCGA_CPTAC3_DEA_Input/240425_TCGA_CPTAC3_MAGED4_MEDvsHIG
/home/ttusvm/MyDocuments/TCGA2/240425_TCGA_CPTAC3_Output/240425_TCGA_CPTAC3_DEA/240425_TCGA_CPTAC3_DEA_Input/240425_TCGA_CPTAC3_MAGED4_NEGvsHIG_DES.csv,/home/ttusvm/MyDocuments/TCGA2/240425_TCGA_CPTAC3_Output/240425_TCGA_CPTAC3_DEA/240425_TCGA_CPTAC3_DEA_Input/240425_TCGA_CPTAC3_MAGED4_NEGvsHIG_RAW.csv,/home/ttusvm/MyDocuments/TCGA2/240425_TCGA_CPTAC3_Output/240425_TCGA_CPTAC3_DEA/240425_TCGA_CPTAC3_DEA_Input/240425_TCGA_CPTAC3_MAGED4_NEGvsHIG
/home/ttusvm/MyDocuments/TCGA2/240425_TCGA_CPTAC3_Output/240425_TCGA_CPTAC3_DEA/240425_TCGA_CPTAC3_DEA_Input/240425_TCGA_CPTAC3_MAGED4_NEGvsMED_DES.csv,/home/ttusvm/MyDocuments/TCGA2/240425_TCGA_CPTAC3_Output/240425_TCGA_CPTAC3_DEA/240425_TCGA_CPTAC3_DEA_Input/240425_TCGA_CPTAC3_MAGED4_NEGvsMED_RAW.csv,/home/ttusvm/MyDocuments/TCGA2/240425_TCGA_CPTAC3_Output/240425_TCGA_CPTAC3_DEA/240425_TCGA_CPTAC3_DEA_Input/240425_TCGA_CPTAC3_MAGED4_NEGvsMED
/home/ttusvm/MyDocuments/TCGA2/240425_TCGA_CPTAC3_Output/240425_TCGA_CPTAC3_DEA/240425_TCGA_CPTAC3_DEA_Input/240425_TCGA_CPTAC3_MAGEE1_MEDvsHIG_DES.csv,/home/ttusvm/MyDocuments/TCGA2/240425_TCGA_CPTAC3_Output/240425_TCGA_CPTAC3_DEA/240425_TCGA_CPTAC3_DEA_Input/240425_TCGA_CPTAC3_MAGEE1_MEDvsHIG_RAW.csv,/home/ttusvm/MyDocuments/TCGA2/240425_TCGA_CPTAC3_Output/240425_TCGA_CPTAC3_DEA/240425_TCGA_CPTAC3_DEA_Input/240425_TCGA_CPTAC3_MAGEE1_MEDvsHIG
/home/ttusvm/MyDocuments/TCGA2/240425_TCGA_CPTAC3_Output/240425_TCGA_CPTAC3_DEA/240425_TCGA_CPTAC3_DEA_Input/240425_TCGA_CPTAC3_MAGEE2_MEDvsHIG_DES.csv,/home/ttusvm/MyDocuments/TCGA2/240425_TCGA_CPTAC3_Output/240425_TCGA_CPTAC3_DEA/240425_TCGA_CPTAC3_DEA_Input/240425_TCGA_CPTAC3_MAGEE2_MEDvsHIG_RAW.csv,/home/ttusvm/MyDocuments/TCGA2/240425_TCGA_CPTAC3_Output/240425_TCGA_CPTAC3_DEA/240425_TCGA_CPTAC3_DEA_Input/240425_TCGA_CPTAC3_MAGEE2_MEDvsHIG
/home/ttusvm/MyDocuments/TCGA2/240425_TCGA_CPTAC3_Output/240425_TCGA_CPTAC3_DEA/240425_TCGA_CPTAC3_DEA_Input/240425_TCGA_CPTAC3_MAGEE2_NEGvsHIG_DES.csv,/home/ttusvm/MyDocuments/TCGA2/240425_TCGA_CPTAC3_Output/240425_TCGA_CPTAC3_DEA/240425_TCGA_CPTAC3_DEA_Input/240425_TCGA_CPTAC3_MAGEE2_NEGvsHIG_RAW.csv,/home/ttusvm/MyDocuments/TCGA2/240425_TCGA_CPTAC3_Output/240425_TCGA_CPTAC3_DEA/240425_TCGA_CPTAC3_DEA_Input/240425_TCGA_CPTAC3_MAGEE2_NEGvsHIG
/home/ttusvm/MyDocuments/TCGA2/240425_TCGA_CPTAC3_Output/240425_TCGA_CPTAC3_DEA/240425_TCGA_CPTAC3_DEA_Input/240425_TCGA_CPTAC3_MAGEE2_NEGvsMED_DES.csv,/home/ttusvm/MyDocuments/TCGA2/240425_TCGA_CPTAC3_Output/240425_TCGA_CPTAC3_DEA/240425_TCGA_CPTAC3_DEA_Input/240425_TCGA_CPTAC3_MAGEE2_NEGvsMED_RAW.csv,/home/ttusvm/MyDocuments/TCGA2/240425_TCGA_CPTAC3_Output/240425_TCGA_CPTAC3_DEA/240425_TCGA_CPTAC3_DEA_Input/240425_TCGA_CPTAC3_MAGEE2_NEGvsMED
/home/ttusvm/MyDocuments/TCGA2/240425_TCGA_CPTAC3_Output/240425_TCGA_CPTAC3_DEA/240425_TCGA_CPTAC3_DEA_Input/240425_TCGA_CPTAC3_MAGEF1_NEGvsPOS_DES.csv,/home/ttusvm/MyDocuments/TCGA2/240425_TCGA_CPTAC3_Output/240425_TCGA_CPTAC3_DEA/240425_TCGA_CPTAC3_DEA_Input/240425_TCGA_CPTAC3_MAGEF1_NEGvsPOS_RAW.csv,/home/ttusvm/MyDocuments/TCGA2/240425_TCGA_CPTAC3_Output/240425_TCGA_CPTAC3_DEA/240425_TCGA_CPTAC3_DEA_Input/240425_TCGA_CPTAC3_MAGEF1_NEGvsPOS
/home/ttusvm/MyDocuments/TCGA2/240425_TCGA_CPTAC3_Output/240425_TCGA_CPTAC3_DEA/240425_TCGA_CPTAC3_DEA_Input/240425_TCGA_CPTAC3_MAGEH1_MEDvsHIG_DES.csv,/home/ttusvm/MyDocuments/TCGA2/240425_TCGA_CPTAC3_Output/240425_TCGA_CPTAC3_DEA/240425_TCGA_CPTAC3_DEA_Input/240425_TCGA_CPTAC3_MAGEH1_MEDvsHIG_RAW.csv,/home/ttusvm/MyDocuments/TCGA2/240425_TCGA_CPTAC3_Output/240425_TCGA_CPTAC3_DEA/240425_TCGA_CPTAC3_DEA_Input/240425_TCGA_CPTAC3_MAGEH1_MEDvsHIG
/home/ttusvm/MyDocuments/TCGA2/240425_TCGA_CPTAC3_Output/240425_TCGA_CPTAC3_DEA/240425_TCGA_CPTAC3_DEA_Input/240425_TCGA_CPTAC3_MAGEL2_MEDvsHIG_DES.csv,/home/ttusvm/MyDocuments/TCGA2/240425_TCGA_CPTAC3_Output/240425_TCGA_CPTAC3_DEA/240425_TCGA_CPTAC3_DEA_Input/240425_TCGA_CPTAC3_MAGEL2_MEDvsHIG_RAW.csv,/home/ttusvm/MyDocuments/TCGA2/240425_TCGA_CPTAC3_Output/240425_TCGA_CPTAC3_DEA/240425_TCGA_CPTAC3_DEA_Input/240425_TCGA_CPTAC3_MAGEL2_MEDvsHIG
/home/ttusvm/MyDocuments/TCGA2/240425_TCGA_CPTAC3_Output/240425_TCGA_CPTAC3_DEA/240425_TCGA_CPTAC3_DEA_Input/240425_TCGA_CPTAC3_NDN_MEDvsHIG_DES.csv,/home/ttusvm/MyDocuments/TCGA2/240425_TCGA_CPTAC3_Output/240425_TCGA_CPTAC3_DEA/240425_TCGA_CPTAC3_DEA_Input/240425_TCGA_CPTAC3_NDN_MEDvsHIG_RAW.csv,/home/ttusvm/MyDocuments/TCGA2/240425_TCGA_CPTAC3_Output/240425_TCGA_CPTAC3_DEA/240425_TCGA_CPTAC3_DEA_Input/240425_TCGA_CPTAC3_NDN_MEDvsHIG
/home/ttusvm/MyDocuments/TCGA2/240425_TCGA_CPTAC3_Output/240425_TCGA_CPTAC3_DEA/240425_TCGA_CPTAC3_DEA_Input/240425_TCGA_CPTAC3_NSMCE3_NEGvsPOS_DES.csv,/home/ttusvm/MyDocuments/TCGA2/240425_TCGA_CPTAC3_Output/240425_TCGA_CPTAC3_DEA/240425_TCGA_CPTAC3_DEA_Input/240425_TCGA_CPTAC3_NSMCE3_NEGvsPOS_RAW.csv,/home/ttusvm/MyDocuments/TCGA2/240425_TCGA_CPTAC3_Output/240425_TCGA_CPTAC3_DEA/240425_TCGA_CPTAC3_DEA_Input/240425_TCGA_CPTAC3_NSMCE3_NEGvsPOS
/home/ttusvm/MyDocuments/TCGA2/240425_TCGA_CPTAC3_Output/240425_TCGA_CPTAC3_DEA/240425_TCGA_CPTAC3_DEA_Input/240425_TCGA_CPTAC3_TRIM28_NEGvsPOS_DES.csv,/home/ttusvm/MyDocuments/TCGA2/240425_TCGA_CPTAC3_Output/240425_TCGA_CPTAC3_DEA/240425_TCGA_CPTAC3_DEA_Input/240425_TCGA_CPTAC3_TRIM28_NEGvsPOS_RAW.csv,/home/ttusvm/MyDocuments/TCGA2/240425_TCGA_CPTAC3_Output/240425_TCGA_CPTAC3_DEA/240425_TCGA_CPTAC3_DEA_Input/240425_TCGA_CPTAC3_TRIM28_NEGvsPOS
/home/ttusvm/MyDocuments/TCGA2/240425_TCGA_CPTAC3_Output/240425_TCGA_CPTAC3_DEA/240425_TCGA_CPTAC3_DEA_Input/240425_TCGA_CPTAC3_TRO_MEDvsHIG_DES.csv,/home/ttusvm/MyDocuments/TCGA2/240425_TCGA_CPTAC3_Output/240425_TCGA_CPTAC3_DEA/240425_TCGA_CPTAC3_DEA_Input/240425_TCGA_CPTAC3_TRO_MEDvsHIG_RAW.csv,/home/ttusvm/MyDocuments/TCGA2/240425_TCGA_CPTAC3_Output/240425_TCGA_CPTAC3_DEA/240425_TCGA_CPTAC3_DEA_Input/240425_TCGA_CPTAC3_TRO_MEDvsHIG
